,Unnamed: 0,hname,rname,area,comment,rating,commentcounts,feature
0,0,심바동물병원,반려견·반려묘 중성화수술,link,"[' 2020-05-14\n송곳니발치\n견(묘) 종 :치와와\n나이 :1살\n몸무게 :2.1kg\n암수 :여\n거주지(시/구) : 서울 서초구\n\n중성화하면서 발치했는데 잘된것같아요\n노련하게 잘 해주신 것 같아요 ㅡ\n감사합니다~\n노', ' 2020-05-14\n감사합니다\n견(묘) 종 : 치와와\n나이 : 1살\n몸무게 : 2.1kg\n암수 : 여\n거주지(시/구) :서울 서초구\n\n합리적인 비용에 신경써주셔서 감사합니다~\n여자아이 수술은 처음이라 많이 걱정했는데 노련하게 잘 해주신 것 같아요! \n다니던 병원이 이전해서 ㅠㅠ어디다녀야하나 고민했는데 조금 거리 있어도 이쪽으로 열심히 다니려구요:)\n\n원장님 감사합니다~~\n정', ' 2020-04-25\n의사선생님 사랑합니다?\n오늘 둘째 중성화 시켰는데 너무 만족스럽습니다. \n의사선생님 설명도 친절하시고 고객 입장에서 궁금한 점, 비용 나가는 부분 등 자세하고 차분하게 설명해주셔서 굉장히 많은 도움 되었습니다.\n특히 수술이 대만족입니다. 첫째는 전에 홍대I병원에서 중성화 했는데 피딱지 진게 거의 1주일 넘어갈 때까지 있어서 계속 신경써줘야 했는데 둘째는 수술부위 완전 깔끔하고, 애도 아파하는 것 같지도 않고 너무 쌩쌩하게 잘 다니네요! 둘째보다 활력 넘치는 첫째는 수술 당일에 눈물 줄줄 흐르고 밥도 물도 잘 못먹고 시름시름 거렸어서 걱정 많았거든요...\n직원분들도 너무 친절하시고 하나부터 열까지 잘 챙겨주셔서 정말 많은 감동 받았어요. 그 자리에서 바로 첫째 둘째 추가접종 예약하고 단골도장 찍었습니다. \n여러분 진짜 여기 숨겨진 맛집 같은 곳이에요. 꼭 가보세요! 완전 추천합니다!!!\n 천', ' 2020-04-17\n진짜 너무 감사합니다\n우리설이가 겁도 많아서 많이 아플까 걱정했는데 수술도 너무 깔끔하게 잘해주셨고 그 덕분에 수술저녁부터 회복해서 발랄하게 다녔어요 선생님들 너무 친절하시고 설이 간식도 무료로 챙겨주셨어요 케어나 가격이나 모든게 너무 좋았어요 감사합니다 ']",none,4,"['많다', '친절하다']"
1,1,잠실준25시동물병원,반려견·반려묘 중성화수술,link,"[' 2020-03-27\n로스트마이땅콩\n저희집 강아지 땅콩 떼주엇습니다 사실 여기 예방접종 맞으러 다니고 있던 병원인데 페북에서 광고 돌길래 반가운 마음에 가입하고 구매했습니다 ㅎㅎㅎ 여기 원장님 정말 친절하세요 \n수컷 중성화수술로 했고 제가 멍청해서 구매 방법을 몰라 마펫에 전화해서 꼬치꼬치 캐물어써요 그래도 친절하게 알려 주셔거 감사해요 저는 프리미엄으로 구매했는데 뭐 그냥 스탠다다드로 하셔도 괜찮을 것 같아요 나이 많으면 프리미엄으로 하는 게 좋을 것 같습니다 검사 항목이 다르더라고요 간 김에 유치발치까지 깔끔하게 마치고 왔습니다. 저는 저희 강아지 기운 없을 줄 알았는데 오자마자 잘 먹더라고요 ㅎㅎㅎ 감사합니다~\n이', ' 2020-04-17\n수컷강아지 중성화 수술 시켰어요.\n중성화수술을 시킬지 말지 망설이다가 어느덧 거의 4년이 다 되갔어요.\n수술전 우리애가 잘못되면 어쩌지라는 생각도 들고 너무 무서웠는데\n암컷에 비하면 비교적 간단하다고 안내받아서 그나마 맘 놓았지만 그래도 수술은 수술이니깐요.\n첨엔 밥도 못먹고 너무 힘들어해서 맘아팠지만 일주일이 지난 지금은 실밥만 뽑으면 이제 마무리 되네요ㅎㅎ\n일주일이 너무 길었지만 원장님이 워낙 잘해주셔서 더욱 안심이 갔어요. 이 병원 갈지말지 고민이라면 걱정하지 않으셔도 됩니다~']",none,2,"['친절하다', '괜찮다']"
2,2,효창동물병원,반려견·반려묘 중성화수술,link,[],none,0,['none']
3,3,해맑은동물병원,반려견·반려묘 중성화수술,link,[' 2019-12-19\n중성화 수술 잘 마쳤습니다~\n저희 강아지 중성화 수술 할 때 돼서 검색해보다가 마이펫플러스 알게되었어요.\n마침 집이랑도 꽤 가까운 거리에 있어서 중성화 진행했습니다\n수컷이어서 그런지 되게 금방 끝났어요 ㅎㅎ\n넥칼라는 별도로 제가 구매해서 갔었고 마이펫플러스에서 구매하고 왔다고 해서 대충수술하거나 불친절하거나 그런것도 없었습니다. 사실 제일 걱정했던부분이 그거였거든요.. 여기에서구매하고왓다고 대충해줄까봐 ㅠㅠ\n그런데 원장님도넘 친절하시고 수술도 흉 걱정없이 깔끔하게 해주셨어요 감사합니다.\n요 근처사시는견주 묘주분들은 해맑은동물병원추천해드릴게요 ㅎㅎ\n저희 강아지 더 아프면 안되지만 ㅎㅎ 만약 병원 올일 있으면 여기에 정착하려구요\n감사합니다'],none,1,"['친절하다', '깔끔하다']"
4,4,마루동물병원,반려견·반려묘 중성화수술,link,"[' 2020-04-08\n일단 친절합니다..\n어리버리,,암것도 모르고 고양이 중성화하러 가면서 수술하면 얼마나 아플까 걱정했는데....\n일단 친절한 대응에 맘이 놓였고.. 빠른 날짜(가입과 결제 다음날)에 수술을 했습니다.\n수술전 친절한 설명과 수술후 고양이 상태 등을 설명듣고...\n집에 데리고 와서 냅두니 고양이가 마취가 다 안풀린 상태로 혼자 비틀비틀 움직이는데 아픈 데는 없는거 같네요, 엄청 움직이네요.\n(두서없이 적긴 했지만) 마루에서 수술하길 잘했단 생각이 드네요. \n박', ' 2020-02-17\n마이펫플러스를 통한 몽이의 중성화수술 후기 [후기등록 URL]\n지난주 마이펫플러스를 통해 상품을 구매해서 마루동물병원에 예약하고 수술 날짜를 잡았어요.\n처음하는 수술이라 걱정이 많았는데 선생님도 친절하시고 병원이 깨끗해서 믿음이 갔어요.\n몽이 수술도 너무 잘 되었고 해당 부위만 절개하여 봉합해서 좋았어요.\n수술 후 4일이 지났는데 잘 먹고 잘 싸고 회복이 빨라서 다행이에요.\n다시 한번 감사드립니다^^\n박', ' 2020-02-11\n중성화수술 [후기등록 URL]\n지난주 마이펫플러스를 통해 상품을 구매해서 마루동물병원에 예약하고 수술 날짜를 잡았어요.\n처음하는 수술이라 걱정이 많았는데 선생님도 친절하시고 병원이 깨끗해서 믿음이 갔어요.\n몽이 수술도 너무 잘 되었고 해당 부위만 절개하여 봉합해서 좋았어요.\n수술 후 4일이 지났는데 잘 먹고 잘 싸고 회복이 빨라서 다행이에요.\n다시 한번 감사드립니다^^\n조', ' 2019-12-19\n정말 만족해요:)\n오늘 중성화 수술 하고 왔어요. 여자아이라 수술이 정말 많이 걱정되었지만 수술 전후로 설명도 자세하게 해주시고 수술부위 절개도 최소로 하셨다고 하시면서 꼼꼼하게 수술해주셨다고 말씀해주셔서 정말 마음이 놓였어요 감사합니다!;)\n김', ' 2019-12-13\n친절하게 설명해 주시고 수술도 잘 된거 같아요.\n고양이 수컷 중성화 했고요.\n수술도 잘 된 거 같습니다. \n잘 낫도록 보살피기만 하면 될 것 같습니다. \n김', ' 2020-03-11\n냥이 중성화수술잘했습니다\n저희냥이는 10개월정도된 수컷이였구요~ 기본몸무게에서0.5키로 오버해서 추가금 3만원인가? 더내고 수술했습니다. 병원조용하고 깔끔합니다. 필요한 말만 딱 하십니다.\n수술전날 금식해야합니다. 저는 오후 수술이라 다행히 충분한 시간이 주어졌네요. 선택사항 기본은 녹는실이 아니라 일주일뒤 한번더 방문해서 실밥제거했습니다. 마취깨어나면서 첨에 오줌을 잘 못가렸어요. 1-2틀 지나고 나니 좀 정신차리는듯. 일주일 지나니깐 본래 쾌활한 냥이로 돌아왔습니다. \n\n\n\n\n\n 표', ' 2020-03-22\n별점 주기도 싫네요\n소중한 아이라면 꼭 봐주세요, 여기 정말 비추입니다. 우선 강아지 수컷 중성화 +유치발치 송곳니 두개 했습니다.  예방접종도 다한 한 살 아이입니다. 잔병치레도 없고 슬개골도 양쪽 건강한 아이인데 수술 받고 난 뒤 8일째 제대로 걷지를 못하네요. 수술들어가기전에 어떤 상담도 없었고 그냥 한시간 반뒤에 오라는 말만 하고 데리고 들어가버리셨구요 병원이 워낙 깔끔하고 다들 친절해서(ㅋㅋ) 믿고 밥먹고 한시간 반뒤에 왔는데 아이는 마취에서 깨지도 않은체 그냥 코 박고 누워있더군요, 마취가 덜깨서 그런거라 생각했고 그 이후로도 저한테 뭐 어떻게 하라 알려주시는것도 없어서 제가 계속 이렇게 하면 되나요 ? 지금 안아서 데리고 가면 되나요? 물어서 아이 데리고 집에왔습니다 심지어 유치발치도 한거냐고 제가 병원 나오기전에 물어봣어요 했다고 그제서야 말씀해주셨고, 그때서야 애기 입에서 핏물 나오는게 보이더군요. 일단 약주신거 먹이면 될거 같아서 이틀내내 나가지도 않고 아이 옆에 가만히 붙어 생활했습니다 그런데 아이는 이틀내내 누워있었고 혀가 나온체로 온몸을 떨기도 해서 일요일 집근처 병원에 데리고 가려 전화 했으나 중성화 이틀째까진 아파서 그럴수 있다는 말에 지켜보기로 했습니다. 월요일 (3일째) 에 아이가 정신은 차리고 앉는거 까진 됐으나 4일째 될때까지 걷지를 못하고 뒷다리 서기만 하면 주저앉아서 수술한 여기 병원에 전화를 했는데 \n척추에 이상 있을수도 있다는 말에 무슨 한살 짜리가 척추에 무리있어서 뒷다리 증상이 나오냐 낙사사고 있지않는이상 이럴일 없다 하자 병원장님이 갑자기 ""가지고 오세요"" 라고 하더군요. 물건인가요 가지고 다니게 ㅋㅋㅋㅋㅋㅋㅋㅋ ""가지고 가는게 아니고 데리고 갈게요 "" 하고  전화끊었습니다) 목요일 (6일째)  아이를 데리고 갔습니다. 도착후 중성화 실 녹는실인지 물어보니 모르겠다고 하는둥 아마 그걸거라고도 하시는둥 / 뜬금없이 아이 체온을 재더니 39.1도 나왔고 감기라며 감기주사를 맞자 하셨고 아이는 진통제 주사 하나 감기주사 하나 두방 맞았구요 ((주사 맞을때도 간호사 없어서 무슨 ;;;;;;;애기 붙잡고 있으라 시키던데요)) 감기약 감기주사 24000원 또 결제 하고 아파서 못걷는다 하는말을 일단은 믿어보자 생각으로 집에 데려왔어요. 다른곳은 독한주사는 미리 알려주는데 독한 주사였는지 아이는 하루종일 주사 맞은곳 너무너무 아파했고 걷지도 못하고 옆구리 아파서 하루종일 웅크려있는 아이를 보자니 마음이 너무 아프고 너무 너무 미안했습니다. 무슨 욕심부리자고 수술했는지 그리고 송곳니 유치 그대로 있습니다. 수술이 잘못된건 아닙니다 다른 병원에서 척추이상이 있는건 아니라 했습니다. 다만 소중한 아이들 비슷한 가격이라면 좀 더 좋은 환경에서 아파하지 않길 바라는 마음에서 글 올립니다. 아이는 지금 제옆에 웅크려 잠들어있습니다 그래도 견뎌내고 그래도 저한테 와서 앉아있는 모습보면 아직도 미안하고 고맙습니다. ']",none,7,"['아프다', '친절하다']"
5,5,사랑동물병원,반려견·반려묘 중성화수술,link,"[' 2020-05-16\n갑사합니다 ~\n견(묘) 종 : 코카스파엘\n나이 :5살\n몸무게 :9kg\n암수 :암컷\n거주지(시/구) :서울시 강동구 \n \n밀크 중성화 잘 해주셔서 감사합니다 걱정하고 또 걱정했는데 원장님도 간호사선생님도 너무 친절하고 설명도 잘해주셨어요 저희 강아지가 비만이라서 수술시간도 오래걸리셨다고..신경써주셔서 감사합니다ㅠㅠ!\n최', ' 2020-03-31\n고양이 중성화했어요 만족합니다\n병원가서 별도로 혈액검사 3만원 추가했구요 스케일링이랑 발치도 했어요!! 수술한 당일이랑 다음날 계속 비틀거려서 걱정했는데 이튿날부턴 펄펄 뛰어다니고 밥도 잘먹어요! 스케일링하고 나니 치아도 깨끗해졌고 치주염이 심해서 밥 먹을때 반은 흘리면서 먹었는데 이젠 밥도 안흘리고 잘먹어요! 다음주에 실밥 뽑으러 가려구요! 감사합니다??\n배', ' 2020-03-14\n중성화수술\n사는곳은 강동구 쪽이고요 울강아지가 7개월이되어\n중성화수술을 해주려고 주변병원을 알아보았는데요\n어플이 있다는걸알고 동물병원을 검색해보니 마침 가까운곳에 마이펫등록 병원이 있어서 전화로 수술날짜\n를 잡았고요 2틀뒤 방문하여 수술을 진행했습니다\n우선 제 기준에서 말씀드리자면 전 우선 쓸데없는 병원추천 영양제 등등 이런것들 솔직히 돈만 든다고봅니다\n그런여타 병원들에 비해 여긴 딱 원하는것만 해주셨고\n남자아이 수술비용 단돈 9만원에 수술을 잘받았습니다\n병원자채는 소규모이지만 원장님 친절하시고요 보조해주는분도 친절하시고 마취풀리고 진통제 놔주시고 넥칼 제공해주셨고 약 조재해주셔서 집에 대리고왔습니다 뭐 아이들 컨디션에 따라 다르겠지만 하루지난 지금 울아가는 건강하고 밥도 잘먹고요 컨디션 좋아보입니다 참고로 넥칼 자채가 아이에게 스트레스가 될수있는데 같이있는 시간에는 벗겨두어도 무방한거 같습니다\n김', ' 2020-02-27\n저희 냥님 수술 성공적으로 마쳤습니다\n저희 냥님 수술 성공적으로 잘 마쳤습니다. 수술 부위도 깔끔하고요!! 걱정했던 거랑은 다르게 의사 선생님도 친절하세요! 처음에 마취기가 조금 남아있는 게 헤롱거리는 게 마음이 아팠는데 시간 지나니까 펄펄 날아댕기네요 ㅎㅎ 지금 한 달 정도 지났는데 건강하고 씩씩하게 잘 자라서 지금은 초등학교 보내도 되겠어요. ㅎㅎ 어찌나 쫑알거리는지... 마이펫플러스도 감사하고 원장님도 감사합니다~~ \n유', ' 2020-01-23\n저희집 강아지, 이제서야 중성화했네요!\n어리다는 생각으로 중성화 안해주고 있었는데, 같이 기르던 암컷이 덜컷 임신해버려서 ㅠ_ㅠ\n일단 수컷부터라도 중성화해야겠다 싶어서 알아보다가 가까운 곳인 여기로 결정했어요.\n규모가 작고 그래서 괜찮을까란 생각 들기는 했는데, 이래저래 설명도 잘 해주시고\n어르신처럼 구는 녀석 이뻐라해주셔서 좋았네요. 수술은 잘 됐고 하루정도는 기운 없어하더니\n지금은 괜찮아졌네요. 워낙 선비처럼 구는 느긋한 성격인지랔ㅋㅋㅋㅋㅋㅋ\n수술전후로 솔직히 큰 차이는 없는데 밥도 잘먹고 잘 놀고 잘 쉬고 합니다.\n이제 짐 하나 덜었으니... 달순이도 몸 좀 괜찮아지면, 여기서 중성화 시키려구요.\n오', ' 2019-12-19\n중성화 잘 마치고 왔습니다\n저희 집이랑 가까운 동물병원이 마이펫플러스 입점해있더라고요 ㅎㅎ\n망설이지 않고 바로 사랑동물병원 구매해서 예약했습니다\n규모는 조금 작은 병원이지만 원장님이 나이스하신분이었어요.\n수술 부위도 깔끔하게 잘 봉합해주셨고 이제 아물기만 기다리고 있어요\n마이펫플러스 취지도 좋다고 들었는데 제가 동참한것 같아 뿌듯해요\n저희 루찌 이제 여기 병원에정착하려고요~\n\n사실 가격 너무 저렴해서 막상 사놓고 좀 걱정하긴 했어요 취소 버튼 누를까말까도 많이 고민하구요\n그런데 병원에서 수술을 하고 나와보니 참 이게 오히려 소비자들이 펫텍스를늘린다는 생각이 들더라고요..\n저렴에도 이렇게 수술을 잘해주는 병원이 있다니.. 여태 우리는 속고 있었던거라니..ㅠ\n앞으로 좋은 일 많이 해주시면좋겠고 저희 루찌수술 잘해 주신 사랑동물병원 원장님께도 감사하드립니다!']",5.0,6,"['좋다', '친절하다']"
6,6,형제종합동물병원,반려견·반려묘 중성화수술,link,"[' 2020-03-27\n잘 다녀 왔습니다\n잘 더녀 왔어요 .\n\n수술도 염증? 그런거 없이 잘 아물었어요 ,\n이것 저것 안내 많이 해주시고 ,\n\n동물 등록도 , 동물협회에서 지원기간이라고 안내해 주셔서 ,\n저렴한 가격에 등록했습니다 .\n\n들어가시면 터줏대감 고양이 2마리 강아지 1 마리 있어요 .\n\n마이펫 싸이트 고객 응대해 주시는 분도 아주 친절하세요.\n문', ' 2020-03-27\n잘 다녀왔어요\n잘 더녀 왔어요 .\n\n수술도 염증? 그런거 없이 잘 아물었어요 ,\n이것 저것 안내 많이 해주시고 ,\n\n동물 등록도 , 동물협회에서 지원기간이라고 안내해 주셔서 ,\n저렴한 가격에 등록했습니다 .\n\n들어가시면 터줏대감 고양이 2마리 강아지 1 마리 있어요 .\n\n마이펫 싸이트 고객 응대해 주시는 분도 아주 친절하세요.\n문', ' 2020-03-27\n잘 다녀왔어요\n잘 더녀 왔어요 .\n\n수술도 염증? 그런거 없이 잘 아물었어요 ,\n이것 저것 안내 많이 해주시고 ,\n\n동물 등록도 , 동물협회에서 지원기간이라고 안내해 주셔서 ,\n저렴한 가격에 등록했습니다 .\n\n들어가시면 터줏대감 고양이 2마리 강아지 1 마리 있어요 .\n문', ' 2020-03-27\n잘 다녀왔습니다 .\n잘 더녀 왔어요 .\n\n수술도 염증? 그런거 없이 잘 아물었어요 ,\n이것 저것 안내 많이 해주시고 ,\n\n동물 등록도 , 동물협회에서 지원기간이라고 안내해 주셔서 ,\n저렴한 가격에 등록했습니다 .\n\n들어가시면 터줏대감 고양이 2마리 강아지 1 마리 있어요 .\n배', ' 2019-11-06\n모모 중성화했어요♡\n처음 구매하고 예약전화했을때 전화받으신분이 병원관계자는 아니신거같았어요 \n어플 예약이 뭔지모르겠다고 하시고 조금 말이 안통해서 답답했어요 신뢰감이 좀 떨어져서 구매취소 해야되나.. 하고 망설이다가 원장님 진료후에 전화주신다고 하셔서 여차여차 원장님이신지 잘모르겠으나 남자분 과  통화연결후 그다음날로 바로 수술 예약 잡았습니다 !\n\n수술은 불안했던 마음이 사라질정도로 깔끔하게 잘되었고 늦잠을 자버려서 예약시간보다 20분 정도 늦게도착했어요ㅠㅠ 죄송한마음\n\n저는 일때문에 남자친구가 대신 모모데리고 병원에 갔는데 친절하게 잘대해주셨다고 해서 남자친구도 좋은병원인거같다고 하네요\n병원 근방에 살아서 다른 타병원 다니고 있었는데 앞으로 이쪽으로 다닐려고 합니다!\n수술도 잘됬고 추가요금 따로 없이 저렴한 비용대에 케어도 잘받은거 같아 기분이 좋네요 \n기본케어도 해주셨다고 해서 감사했구\n간김에 동물등록도 함께 하고 왔습니다.\n\n+ 수술후 목카라는 따로 구매해야된다는점 참고 해주세욤! 그래도 기본케어는 무료로 해주셨고 \n수술부위도 깔끔하게 실밥처리 되어있어요!\n윤', ' 2019-10-08\n걱정했던수술\n굉장히 걱정이 많았습니다. 저희 강아지가 나이가 좀 있는 편이었거든요. 진작에 해줄걸 왜 이제와서 해주었는지 미안하네요.. 나이가있다보니 프리미엄중성화수술에 나이초과금액 냈고요.. 스케일링까지 함께 진행했습니다 잘 견뎌준 저희강아지에게도 원장님께도 너무 감사하다는말슴 드리고 싶네요\n박', ' 2019-09-27\n저희집 갱얼쥐 중성화 수술 잘 마쳤습니다.\n저희집 미키 수술 잘해주고 왔습니다. 애가 좀 그거 뗐다고..^^ 시무룩해서 전화드렸더니 지극히 정상인 것이라고 하시더라고요 ㅎㅎ 친절한 진료 감사했습니다~ 그리고 마이펫플러스도 감사드려요~ 미키 사랑해\n천', "" 2020-04-07\n건강해서다행이에용\n고민고민하다가 나중에 아픈것보단 중성화고통이 나을거같아서 보검이의견을 들어보지못한채 결정했는데 흑..나쁘지 않은 선택이였어요\n왜 태어나서 해볼 기회도 주지않았냐고\n자고일어나니 있어야할게 없다며\n울부짖진 않을까 원망하진않을까 걱정했는데\n겸허히 받아들인 후 하루종일 잠만 청하더군요\n소리하나 안내고 움직임도 없는 모습을 보고 마음이 얼마나 찡..하던지\n약을 먹어야하기에 일어나 밥과 약을 섭취 후 아무 활동 없이 '엄마 난 괜찮...아..으..요'라는 듯 쳐다보고 잠든게 그의 하루였어요\n다행히도 다음날부턴 언제그랬냐는 듯 미친듯이 뛰어다니고 장남감을 던져대고 허허 털뭉치가 날라다니는 평범한 일상이으로 돌아왔어요\n일주일간 목욕금지를 판정받은 보검이는 산책도 온 몸을 내던지며 하는 아이라 집에서 그 에너지를 감당하려니 제가 장난감입니다 그럼요 못나가는데 저라도 만족하신다면 내놓아야죠\n2주동안 몸무게도 늘어서 덕분에 생각치못한 0.5키로추가요금도 내고 ...금식하는동안 왠 탈수도 되었는지 제가 오래자느라 물은 못챙겨준 탓이죠 추가수액요금도 하하하 저도 안맞는 수액을 ...\n뭐 몸무게가 많이 늘어 들고 병원다니는 제 팔에 무리가 가서 이참에 반려견유모차까지 마련했어요\n아기유모차보다 반려견유모차가 먼저생길줄이야\n수술 한번 더 했다간 병원 옆에 집을 사겠어요\n선생님 고생하셨습니다 \n마취 전까지 어찌나 짖어댔을런지 잠깐 온 통화에서도 다 들리더라구요 허허허  거참 죄송스럽게도\n스술부위에도 염증안생기고 실밥푸는 동안에 보검이가 실례를 할까 서로 걱정하며 잡았는데 허하하허하ㅏㅏ\n이번 중성화한다구 맡기고 집에왔는데 보검이 입양하구나서 첨으로 빈 집이였터라 혼자있던 그 잠깐의 시간동안 너무 보고싶구 혹여나하는 걱정근심에 눈물이 질끔 나더라구요 주책맞게 그쵸 제가 분리불안이네요\n천"", ' 2020-04-07\n건강해서다행이에용\n으아니 반려견한테 마취는 독이 될 정도로 혹시 위험한 상황이 발생한다기에 하는 김에 하자며 \n추가로 스케일링을...아직 8개월밖에 안된 보검이지만 좋은게 좋은거겠죠\n올해 저도 아직 안했는데 먼저 개운하라고 시켰어용\n이런이런 인터넷에 속았나봐요\n다른 병원들 비포애프터가 확연히 다르길래 기대한탓이에요 ㅠㅠㅠ\n선생님께서 열심히 해주셨지만 뭔가 생각보다 착색된 부분이 많이 남아있어서 아쉬웠어요 \n전체적으로 누런부분도 그렇고 안쪽어금니라고해야하나 큰 이빨 속도 그렇고 속 파인데는 사람도 그렇고 개도 그렇고 스케일링해도 잘 안닦이나봐요 남아있는거 보면\n제 손가락과 손을 더 희생시켜서 팍팍 닦아야겠네요\n발톱짜를때도 물리는데 양치정도야 뭐 개껌이 됐다 생각하고 물려주죠']",none,9,"['저렴하다', '좋다']"
7,7,참사랑동물병원,반려견·반려묘 중성화수술,link,"[' 2020-03-23\n1년 9개월 수컷 고양이 땅콩제거 후기\n저희집 고영희님께서 워낙 뼈대도 크고 등치도 크고 땅콩도 크신 떼껄룩님이셨는데,\n\n정말 친절하시고 또 수술도 잘 해주셨습니다.\n집이 인천인데도 불구하고 후기들이 너무 좋아 왔는데, 후회 없습니다. 정말 친절하시고 수술을 어떻게 하셨는지까지 세세히 알려주십니다.\n\n저희집 고영희님이 외로워하셔서 나중에는 작은 고영희님 모셔올 건데, 그 때도 이 병원 찾을 것 같습니다 믿고 오세요 여기 ㅁㅊㄷㅁㅊㅇ...넘조아오\n강', ' 2020-03-11\n암컷 중성화수술했어요\n강아지를 늦게 데려왔는데 (7살)  지인 소개로 중성화수술을 저렴하게 하는곳을 알려줘서 마이펫플러스를 통해 참사랑 동물병원에서 했답니다. 나이가 있다보니 추가비용도 들었지만, 다른 병원에가서 했으면 훨씬 많이 들었을거예요. 병원도 깔끔하고 간호사님도 친절하지만 무엇보다 의사선생님께서 인상도 좋으시고 친절하게 설명을 조근조근 잘해주셔서 초보집사인 저를 안심시켜주셨고, 무사히 수술을 잘 했습니다. 기본미용도 해주시고, 좋은 품질의 사료와 영양제등등 강아지,고양이들이 필요한 물건들이 있어 좋았답니다. 앞으론 미용도하고 중간중간 강아지 검진도 받을수있는 참사랑동물병원을 이용해야겠어요~감사합니다~\n김', ' 2019-10-21\n반려묘 중성화 했어요~^^\n첫 병원방문에 떨렸는데~\n후기가 가장 좋았던 참사랑동물병원에서 수술 잘 마쳤습니다. 항상제는 주사로 선택하였고~ 처음으로 사상충과 항체검사까지 겸했네요.\n원장님 너무 친절하시고~ 병원도 깨끗해요.\n깔끔하게 땅콩제거하고 일주일뒤 실밥제거도 잘 마쳤습니다.감사합니다.\n박', ' 2019-10-19\n감사합니다~\n수컷반려견 복강내 잠복고환 수술했어요~\n복강수술이라 상처부위가 커서 힘들까 걱정했는데 정말 최소한 절개만으로 수술잘해주셔서 너무 감사드려요~ 원장님도 너무 차분하신.성격에.꼼꼼하시고 친절하여서 정말 믿음가는.병원입니다\n처음에는 원래 반려묘 숫컷중성화원장님께. 꼭.받고 싶었는데 원낙.까다로운 케이스여서 그때 못해서 정말 아쉬웠거든요… 다음에 고양이 암컷.중성화하러 다시 내원할께요~감사합니다~~\n이', ' 2019-10-05\n망고중성화수술\n유기견이에요\n작년 사상충 치료후\n1년 지난 후 중성화 수술 했답니다\n후기보고 믿고 갔는데\n여전히 의사샘 간호사님 친절하시구요\n수술도 잘되고 어제 실밥 풀고 \n예방 접종도 하고 왔어요\n병원 깨끗하고 너무  만족합니다\n감사합니다^^\n오', ' 2019-09-06\n깨끗하고 친절하고 만족스런 병원\n마이펫플러스를 알게됐고 우리동네는제휴 병원이 없어 가게된곳 큰병원은 아니고 아담하고 깨끗하고 아가들 쉬야 냄새도 안나고 좋았어요. 의사쌤과 간호사쌤 모두 친절하시고 수술도 잘됐고 아이도 집에와서도 편해보였어요. 감사합니다. 여기로 병원을 옮기고싶어요^^\n이', ' 2019-08-29\n참사랑동물병원 알게 되어 너무 좋아요~~ [후기등록 URL]\nhttps://blog.naver.com/vidal04/221632061430\n\n좀 늦은 반려견 이틀이의 중성화 수술\n2년6개월 된 아이를 이제서야 중성화 수술을 해줬네요..\n늦은감이 있지만..\n마이펫을 통해 집에서 가까운 참사랑동물병원을 알게 되어 너무 감사합니다^^\n\n오전에 구매하고 그날 바로 수술이 가능했어요.\n11시에 병원을 찾아.. 마취부터 해서 30분 정도 소요된다고 하더라구요..\n그리고 2시이후에 찾으러 오라고..\n\n친절하신 간호사쌤과 의사쌤 감사합니다.^^\n번창하시고 또 찾아뵐께요~\n정', ' 2019-08-07\n사이트 후기는 예전에 남겼는데\nhttps://m.blog.naver.com/jeanchj/221586029542\n\n블로그 글은 최근에 올렸어요\n마이펫 흥해랏~!!\n차', "" 2019-07-30\n아가 땅콩 뗐어요\n상남자에서 중성이 되어버린 땅콩..\n안녕....\n꼼꼼하고 친절하게 잘 해주셔서 감사해요~~\n너무 자상하신 것 같아요 ㅎㅎ\n저렴하게 받을 수 있도록 사이트 만들어준 마이펫플러스도 너무 감사해요~~\n\n 마이펫플러스 2019-07-30 15:47\n안녕하세요. 마이펫플러스 입니다.\n\n★ 마이펫플러스 후기 이벤트 참가 방법 ★\n1. SNS, 블로그, 카페, 커뮤니티 등에 이용한 업체에 대한 솔직 후기 작성!\n2. 마이펫플러스 로그인 > 이용한 상품 구매평 > 간단한 후기 + 해당 URL 남기기!\n3. 익월 15일 이후. 당첨자 공지글에서 내 이름 확인하기! (100% 당첨)\n- 주의사항 : SNS등에 후기글 남길 때, '마이펫플러스'를 통한 구매임을 꼭 밝힐 것!\n\n저희 마이펫플러스는 동물병원 비용이 부담스러워 제때 치료받지 못하고 방치되거나 유기되는 동물의 숫자를 줄여보자는 취지로 운영되고 있습니다.\n그러나 대다수의 동물병원들(특히 지방 쪽)이 할인된 비용을 공개하기를 꺼려하며, 마이펫플러스에 입점 자체를 거부하고 있습니다.\n마이펫플러스가 더욱 힘내서 열심히 할 수 있도록 보호자분들의 응원의 힘을 보태 주세요!!\n저희 마이펫플러스를 위한 보호자분들의 응원이 필요합니다 :)\n\n"", ' 마이펫플러스의 역할\n1. 바가지 요금 걱정 NO! 동물병원 별 합리적이고 저렴한 가격 비교 가능!\n2. 연륜과 경험이 풍부한 원장님들의 입점! 비용은 낮게, 의료 퀄리티는 높게!\n3. 수술 프로세스 투명 공개! 전 프로세스 사전 확인 가능!\n\n< 서울시 수의사협회, 마이펫플러스 제휴병원에 탈퇴 협박공문 관련 기사 >\nhttp://imnews.imbc.com/replay/2019/nwdesk/article/5139042_24634.html\n\n동물병원 비용을 합리적인 기준으로, 유기견 유기묘 예방의 기초를 만들어 가는\nNO.1 반려동물전문소셜 마이펫플러스가 1000만 반려인과 반려동물의 권리를 지켜갑니다.\nwww.mypetplus.co.kr\n정', ' 2019-04-06\n토이푸들(암컷,2살) 중성화수술했어요\n의사 선생님께서 친절하게 설명 잘 해주시고, 착한 가격에 수술도 잘 해주셔서 감사해요\n수술한지 2주 지나서 이번주 화요일에 실밥 풀었는데 수술부위도 잘 아문 것 같아요\n강아지라서 회복이 빠른건지 수술 다음날부터 점차 다시 활발해지더라구요~\n참고로 암컷이라 수술 받을 때 수면마취 추가비용 2만원 들었고, 넥카라도 챙겨가서 따로 구매하지 않아도 됐어요.\n위생미용도 잘 해주셔서 만족스럽습니당\n이', ' 2019-02-11\n중성화수술\n우리 망고 수술 3일차\n첫날 잠깐 힘들어 했는데 집에 와서 안정 찾고 지금은 밥도 잘먹고 약도 잘먹고 잘 지내고 있답니다. 중성화 수술비용 걱정 많이 했었는데 마이펫플러스를 통해 저렴한 비용으로 무사히 잘 맞쳐 감사드려요~\nhttps://www.instagram.com/p/BtvQAwCn0VpdZlIDGFnPtGjdOrVRF_5YTbpLL40/?utm_source=ig_share_sheet&igshid=gwi2y888dcdb\n이', ' 2019-01-27\n수술 잘하고, 건강히 잘 회복했습니다. 감사드려요.\n전화응대도 친절하시고, \n수술자국도 깔끔히 잘 아물고 너무 좋네요.\n집근처에 마이펫플러스 협력병원 있어서 너무 좋아요.\n감사합니다.\n이', ' 2019-01-19\n두아이 동시 중성화 했어요\nhttps://cafe.naver.com/dogpalza/15647485\nhttps://www.instagram.com/p/BszsOfBnVMM/?utm_source=ig_share_sheet&igshid=rfegfd538l0b\n\n\n회복도 빨라서 벌써 기운이 넘치네요ㅎㅎ\n오늘도 애기들 꼼꼼히 챙겨주셔서\n감사해요!\n애들이 병원 안무서워하게 해주신거 같아요\n\n다음번에도 또 여기서 남은 애들 중성화도\n할 예정입니다!\n\n주변에 적극 추천할만 해요ㅎㅎ!!\n이', ' 2018-12-29\n두번째 중성화 했어요~\nhttps://cafe.naver.com/dogpalza/15606662\n\n아빠 강아지 다음으로는\n큰아들 중성화를 했네요 ㅎㅎ\n무사히 잘 마쳤고\n처치도 꼼꼼하시고 언제나 친절하게 설명 해주셔서\n감사합니다!\n마이펫플러스 2018-12-31 13:26\n안녕하세요. 반값동물병원 실현으로 유기견·유기묘 예방의 기초를 만들어가는 마이펫플러스 입니다. \n\n후기정보공유 감사드립니다.\n\n온라인 커뮤니티나 블로그 SNS등에 후기를 공유해주실때 저희 마이펫플러스 상품구매 방법과 쿠폰으로 병원예약등을 좀더 구체적으로 작성해주시면 후기 상품이 더 좋아집니다.\n\n감사합니다.\n\n국내최초NO.1반려동물전문소셜 마이펫플러스가\n1000만 반려인과 반려동물의 권리를 지켜갑니다. \n\nwww.mypetplus.co.kr\n유', ' 2018-10-12\n실밥푼지 꽤 됬는데 잘 아물었어요!!\n원장님 감사합니다ㅎㅎ잘아물고 잘 뛰어다니구 상처도 잘 아물었어요~~\n최', ' 2018-10-11\n원장님 감사합니다:)\n수술한지는 꽤 지났는데 후기 작성을 해야지 하고 인스타만 작성해놓고 글을 남깁니다:)\n\n원장님 덕에 저희아이 많이 좋아졌어요!\n\n저번에 막 울던 청이 기억하실지 모르겠네요!!!\n\n감사합니다.\n\n아이가 정말 많이 좋아졌어요:)\n\n인스타 : https://www.instagram.com/p/BlNW8nlBxA4/?taken-by=abyssinian_cc\n김', ' 2018-10-08\n아주 만족합니다!!!\n선생님도 너무 친절하시고, 설명도 자세하게 해주시고 \n회복도 빠르고 수술도 너무 깔끔하게 된거같아\n굉장히 마음에 듭니다\n항상 이용하는곳인데 앞으로도 꾸준히 이용할거같아요~\n\nhttps://m.blog.naver.com/dabin3465/221373073741\n\n블로그에 후기남깁니다^.^\n이', ' 2018-10-03\n수술 후기를 깜빡했네요!\n부견을 시작으로\nhttps://cafe.naver.com/dogpalza/15392565\n\n\n곧 아들내미들 셋 \n딸 하나 모견까지 수술 예정인데\n앞으로도 잘 부탁드립니다!\n이', ' 2018-10-03\n아주 잘 지내고 있어요\n어릴적에 골절 수술로 미루다가\n두살 넘어서 하게 된 중성화 수술에 걱정도 많았는데\n완전 잘 끝나서 상처도 깔끔하게 아물었고\n발톱도 혈관이 길어서 다듬어 달라고 했는데 \n적당한 길이로 잘 해주시고\n설명도 친절히 수술도 무사히 끝나고\n실밥 제거도 포함이라 아주 좋았어요!\n다둥이네라 5마리나 더 해야되는데\n다 여기서 하려구요!\n유', ' 2018-09-15\n너무 감사해서 홍보하고가용\nhttps://cafe.naver.com/ilovecat/5317860\n고다\nhttps://cafe.naver.com/clubpet/3514583\n냥이네\nhttps://www.facebook.com/100010462650204/posts/692743481084401/\n페이스북\nhttps://www.facebook.com/groups/comeBBB/permalink/2138727623044308/\n페이스북 비공개그룹 이제오냥\n유', ' 2018-09-15\n오늘 중성화수술 하고왓어요~\nhttps://www.facebook.com/100010462650204/posts/692743481084401/\n\n오늘 새벽 쿠폰결제하고 낮에 바로 가서 했네요.\n일단 간호사분이랑 원장님 다들 정말 친절하시구요ㅜㅜ\n어떤분들은 별다른 설명이 없어서 아쉬웠다고 하셨는데\n저는 설명 잘 해주셔서 너무 좋았어요!\n아직 마취가 덜풀렸는지 저희애기 한쪽눈이 아직 풀려잇어서ㅠㅋㅋ\n그래두 걱정했던것보다는 잘된거같아요.\n오자마자 밥부터 찾고 저한테 삐져서 안올줄알았는데\n원래 껌딱지여서 그런지 집에오자마자 뽀뽀세례하고\n응애응애거리는것마냥 울면서 부비적대요..ㅋㅋ\n추가비용 따로드는거 없엇는데\n아이가 몇일전부터 설사를 하는바람에\n걱정되서 원장님께 말씀드렸더니\n항생제 말씀하셔서 맞추고\n내복약을 따로 먹이지 않아도 항생제 맞춰서 괜찮다고하셔서\n추가로 2만원 들었어요ㅎ이건 제가원해서 해달라고한거에요ㅎㅎ\n수술부위는 아직 보지못했는데 너무 좋은거같아요ㅜ\n고양이 중성화가 처음이라 모든게 다 걱정되고 두려웠어요 사실\n비용도 비용이니 한번 하려해도 부담감이 없지않아 있죠..\n근데 마이펫플러스 보고 진짜 이렇게 저렴한 가격에\n우리아이 중성화 무사히 마칠 수 있었다는게 너무 좋네요.\n여기 리뷰글 하나하나 다 세세히 읽어보고 가긴했는데\n진짜 너무 좋아요ㅜ아이가 얼른 회복하고 잘 뛰어댕겼으면 좋겠어요.\n아는동생들이랑 친구한테도 추천했어요 ㅎㅎ\n고다랑 냥이네에도 인스타에도 다 올려서\n많은 사람들이 알고 병원에 많이 찾아갔으면 좋겠어요.\n오늘 정말 고생하셨습니다 원장님!\n감사합니다~~~\n신', ' 2018-08-12\n3살 남자 강아지와 10개월 여자 강아지 중성화+스케일링+발치 후기요~\n3살 수컷 강아지 의 늦은 중성화와 스케일링, 아직도 안빠지고 난은 유치1걔 발치했구요\n10개월 암컷 강아지 중성화와 14개 유치 발치했어요~..\n짝지 지어주려 늦게 데려온 암컷 강아지가 너무 작아서... 발정으로 난리난 큰아이와 생리로 힘들어하는 짝은아이를 결국 중성화하기로 결정하고.. 원래다니던 집근처 병원에 중성화 문의하였더니..\n여자강아지 중성화만..48만..ㅠ.ㅠ\n우연히 알게된 마이펫 플러스에서  당일 수술 되는지 문의드렸더니 참사랑 추천 해주셔서  당일 예약하고 수술까지 했어요~\n후기글도 여러개 있고.. 마이펫 관계자 분이  친절하시고 수술실력도 뛰어나시다고 하셔서.. 게다가 가격도 너무나 합리적이여서.. 바로 결정했습니다.. \n저는 인천에 거주 하지만.. 차타고 30분이내로 갈수 있는거리라서\n그리 멀지도 않고 해서 좋았구요.. 수술후에 엄청 힘들어하는 남자 강아지 추후 처리도 추가비용 없이 너무 잘해 주시고 ㅠ.ㅠ  의사 선생님이 엄청 친절하셔서 더더 좋았습니다~~ 10일후에 실밥 풀러 오라하셔서 담주에 가는데... 잘 아물었으면 좋겠어요~ㅠ.ㅜ\n정', ' 2018-08-11\n반려묘 중성화 수술 후기요 !\n마이펫플러스에 집 주변 동물병원은 등록이 되지않아 최대한 가까운쪽으로 예약하고 갓는데 처음 방문인데도 간호사님도 착하시고 원장님도 상담은 물론 수술 후 개인전화로 바로 연락주셔서 아이 상태도 말씀해주시고 너무 감사하더라구요! 혹시 애기가 마취 깨면 아플까 걱정도 했는데 원장님 수술 시력 덕분인지 성격변화도없고 넥카라쓰고도 우다다 삼매경이네요ㅎㅎ 앞으로 2주뒤에 실밥 제거하러가는데 솔직히 이가격에 케어는 물론 친절까지 더할 나위없이 잘 이용한것같아 너무 기분이좋으네용????\n류', ' 2018-05-23\n중성화 잘 되어서 날라댕겨요.\n스켈링이랑 꼼꼼하게 잘되었어요. 저희집 냥이가 발정때문에 이제 울부짓지 않아도 된다고 생각하니 홀가분하네요. 저두 잠 잘자구 냥이도 이제 스트레스 안받아요.  진즉 할 걸 그랬어요.  밥도 두 배로 흡입하고 천장에도 메달리고 아주 건강한 상태입니다.\n이', ' 2018-05-22\n오늘 중성화수술했네요.\n수술하고 수액맞는거 까지 해서 2시간 30분 정도 걸렸네요.\n아직은 마취때문에 좀 비틀비틀 거리긴 하지만 지켜봐야 할거 같아요.\n넥카라하고 있는것도 불쌍한데ㅠ 힝 수술자리가 잘 아물었으면 좋겠네요.\n수술끝나고 원장님께서 직접 전화주시고, 혹시라도 일주일 사이에 수술부위 이상이 있으면 바로 연락하고 오라고\n엄청 친절하게 상담해주셨어요~\n완쾌하자 쿠로야~!!!\n임', ' 2018-04-21\n아주잘됐어요\n이런 가격에 내복약 까지 받구 너무 감사합니당 \n덕분에 우리 강아지 무사히 중성화 수술 마무리됐어요 \n아주 잘됀거같어서 좋아요!\n신', ' 2018-04-17\n여자아이 중성화\n마이펫플러스 보고 다녀왔어요\n집에서 5분 거리에 이런 착한 병원이 있다는 게 정말정말 감사했습니다.\n2kg 작은 포메 였는데 동물등록부터 기본검진까지 꼼꼼히 해주셨고 수술도 잘 끝났어요. 제가 깜빡하고 눈물자국 정리를 부탁 안드려서 아쉬워요.  마취도 금방 풀리고 집 오자마자 배변패드에 소변누고 방석 위에서 편히 쉬고 있어요.\n약이 써서 안 먹을테니 섞어 먹이라고 센스 있는 캔 선물도 주셔서 감사합니다.\n참사랑동물병원 진짜 추천해요.\n원', ' 2018-04-12\n중성화수술+스케일링 했어요!\n엄살도 심하구 낯 많이 가려서 걱정했는데 친절하게 잘 응대해주셔서 감사하구 수술도 잘 된거같아요~\n산책 자주다녀서 구충제랑 심장사상충약도 추가결제해서 복용시켰어용 잘먹어서 다행^^\n스케일링도 구석구석 잘된거같아요 치아가 아주 뽀얘졌어요 감사합니다^^!!\n신', ' 2018-02-12\n정말 중성화수술 잘해주셨어요 너무너무 감사드려요 원장님\n너무 수술 잘됐어요 발사는 다른 병원에서 했는데, 그원장님도 수술 정말 잘되었다구 하셨어요!! \n너무 친절하시고, 청아 잘봐주셔서 너무 감사해요! \n수술 너무 잘해주셔서 감사 또 감사합니다!!!! \n힘내세요! 마이펫플러스도 힘내요 !!!! 병원비 너무 저렴하게 수술 할수 있게 해주셔서 감사드려요!! \n\nhttps://m.blog.naver.com/PostView.nhn?blogId=sinsu0051&logNo=221207374221&proxyReferer=http%3A%2F%2Fblog.editor.naver.com%2Feditor%3FdeviceType%3Dmobile%26returnUrl%3Dhttp%253A%252F%252Fm.blog.naver.com%252FPostList.nhn%253FblogId%253Dsinsu0051%26targetCategory%3D6\n이', ' 2018-01-08\n최고의 친절\n아이를 너무 반갑게 맞아주시고 아이도 좋아하네요.아이가 병원다녀오면 며칠 후유증이 있어 수술은 정말 고민했어요.\n수술이 너무 깨끗하고 아이가 수룰후에도 금방 까불고 잘노네요. 다음에 또 갈께요\n이', ' 2017-12-29\n실력도 가격도 매우 만족.\n모든면에서 좋습니다. 권장해 드립니다.\n다른데는 넘 과하시게 받으시네요\n히', ' 2017-12-22\n친구에게 고마워요\n친구 추천으로 좋은 병원에서 말끔하게 수술받고..\n가격도 정말 좋아요.친구야 고마워\n탕', ' 2017-12-03\n앞으로는 무조건 여기서..\n가격이 저렴에 조금 걱정했는데 오히려 훨씬 꼼꼼하고 친절하네요.병원도 굳굳..\n김', ' 2017-11-29\n우리 빵이 중성화수술했어요~\n마펫 추천 받아 간 곳인데~~알고 보니 목동 사는 친구 10년 단골 병원이더라구요~\n이번에 병원 리뉴얼 해서 그런가 엄청 깨끗하고 인테리어도 맘에 들었어요~\n\n우리 빵이~~\n많이 아플까봐 걱정이 많았는데...\n원장님께서 엄청 친절하게 응대해주시고..\n실장님이 맛있는 간식도 주시고...\n넘넘 감사해요~\n\n앞으로 쭈욱 단골 할게요~~\n조', ' 2017-11-27\n암컷고양이 중성화 수술 받았어요\n이가격에 \n원장님도 너무 친절하시고\n간식도 챙겨주시고\n\n저희 아가 아직 덧난거 하나도 없이\n밥도 잘먹고 물도 잘먹고\n간식도 잘먹고 있어요\n\n너무감사합니당~\n봉', ' 2017-10-17\n왜 이제 알았을까요 ㅎ\n비용 고민하던 참에 부담없이 해결했네요 ㅎㅎ\n남은 돈으로 봉봉이 간식사주려구요 ^^\n원장님도 너무 친절해서 좋았어요!!\n차타고 30분이나 투자한 보람이 있네용\n코', ' 2017-10-16\n깨끗하고 깔끔한 병원이 맘에 들어요\n깔끔해서 원장선생님이 막 개원하신건가.. 하고 불안했는데 병원만 리뉴얼한거고 원장님은 수술경력이 많으신 것 같아요\n저희 애도 수술 넘 잘되서 다행이구요\n홍', "" 2017-10-13\n굿굿'\n의사선생님도 친절하시고 처음가려던 병원에 비해 가격은 저렴하지만 질은 떨어지지않아요~ 집에서 가까웟다면 더 저희 복덩이의 평생병원이 될만한곳! \n또"", ' 2017-10-13\n쵝오!\n티비보고 아이 중성화 고민했는데 알아조니 가격이 청차만별이라 고민했는데 동호히 카페 추천글 보고 사용.\n아이도 잘먹고 잘놀고..세이브한 돈으로 겨울옷 사주려고요.\n신', ' 2018-09-04\n중성화 잘하고 왔어요\n고양이 수컷 중성화 했어요 걱정했는데 아침에 \n바로 예약하고 그날가서 수술했어요\n별다른 설명이 없어서 아쉬웠어요 \n넥카라랑 내복약 대신 주사로 대체하는거 포함 \n해서 3만원 추가결제 했어요\n다들 친절 하신것 같아요 \n\n아이 수술 잘되고 잘있어요\n암컷도 아기냥들 낳고 나면  중성화 하러갈꺼에요\n이', ' 2018-04-07\n수컷 고양이 중성화 수술\n일부러 후기보고 평이 좋아서 멀리서 갔거든요\n일단 수술은 잘 된거 같아요 더 지켜봐야 되겠지만 야옹이도 마취 잘 깨서 잘 돌아 댕기구여! 근데 위생미용이랑 검사도 포함이라고 써 있는데 물론 검사 하시구 수술 해 주셨겠지만 검사 결과라던지 검사 해주시는 걸 확인 한 건 없어서 좀 그랬구요ㅠ 위생미용은 배쪽만 조금 미는게 전부고 귀 발 이런 건 하나도 안해주셨더라구요 후기가 너무 좋아서 갔는데 저희 애기한텐 신경을 많이 써주신거 같진 않았어요...ㅠ 그래도 친절하시고 좋았는데 같은 돈 주고 구매 한건데 어떤 애기는 해주고 어떤 애기는 안 해주고 지금와서 보니까 더 그렇네여 그래도 수술 잘 해주셔서 감사해요\n신', ' 2019-12-05\n결과적으로는 깔끔하게 나았어요\n제목 그대로 결과적으론 지금 잘 아물었는데 혈뇨가 3일 이상 지속되고 복부 전체에 피멍이 들었어요ㅠㅠ\n주변 반려인분들이 멍이 너무 심하게 들었다며 자기네 아이들도 멍이 들긴 해도 수술 부위 주변으로 살짝 들거나 손톱 크기 정도의 멍이였는데 저희 아이는 너무 심하다고 그러셨어요ㅠㅠ\n혈뇨도 삼일정도 지속되서 수의사 선생님도 방광쪽 출혈일수도 있다 그러구요ㅜㅜㅜ\n결과적으론 지금은 다 아물고 나았지만 너무 너무 마음 졸였던 수술후였습니당\n병원은 살짝 작지만 깔끔하고 친절하셔요! 선생님이 잘 설명 해주시고 질문에도 대답해주시고요ㅎㅎㅎ주차공간도 있어요!\n김', ' 2019-10-23\n중성화수술했습니다\n수컷 중성화했습니다 그냥 그럭저럭이에요..!']",none,44,"['좋다', '친절하다']"
8,8,아이비동물병원,반려견·반려묘 중성화수술,link,"[' 2020-03-12\n강아지 입양건강검진, 중성화수술도 함께~\n의사선생님이 정말 친절하게 강아지 건강검진을 하면서 부분부분에 대한 설명을 정말 꼼꼼하게 해주셨구요!\n모르는 부분이나 아이가 기침과 콧물 증상이 있는데 그에대해서도 충분히 자세하게 설명해주셔서 더욱 안심이 될 수 있었습니다 ㅎㅎ 그리구 중성화 수술도 같이 진행하였는데 정말 빠른시간안에 수술도 잘해주셔서 너무 감사드립니다 ~~ ♡ 앞으로도 아이가 아프거나 건강검진이 필요할때 예방접종을 맞을 때 등등 종종 방문할 예정입니다 !!!\n장', ' 2019-07-26\n중성화후기\n며칠전 예약해서 수술 잘 받고왔고요\n애가 나이가좀 있어서 걱정많이했는데 샘이 굉장히 꼼꼼하시고 친절하시더라고요\n수술결과도 좋고 아이 이제 기력차리고 밥도 잘먹고 잘노네요\n또 필요한거있음 연락드릴게요 감사합니다\n김', ' 2019-06-22\n스케일링 발치\n오늘 스케일링 발치 받고왔습니다.!\n선생님 너무 친절하고 좋으시네용 ! \n검사 설명도 자세히 잘 해주시고\n우리 강아지도 발치 스케일링 잘되었고 다음 스케일링도 받으러 가겠습니다!\n마이펫플러스 2019-06-24 16:00\n안녕하세요. \n합리적인 동물병원비용의 기준으로 유기견 유기묘 예방의 기초를 만들어가는 마이펫플러스입니다. \n\n마이펫플러스를 이용하시고 결과에 만족하셨다니 저희 마이펫플러스를 운영하는 보람을 느낄수 있어 더욱 기쁩니다.\n\n후기글 작성시 선물증정 (100% 모든분께 드림)\n\n이용하신 업체에 대한 후기글을 sns 나 블로그 카페커뮤니티등에 정보공유해주시고 해당글에 대한 URL을 간단한 구매평과 함께 마펫에서 이용하신 업체 상품 구매평에 후기 남겨주시면 선물을 보내드립니다.\n\n저희 마이펫플러스는 동물병원비용부담으로 제때 치료받지 못하고 방치되거나 유기되는 동물의 숫자를 줄여보자는 취지로 운영되고 있습니다.\n그러나 아직은 많은 동물병원들이 가격공개와 가격인하에 대해 거부감이 많아 병원제휴에 어려움이 있습니다.\n특히나 지방쪽 병원들의 협조가 쉽지 않아 제휴가 많이 더디고 있습니다.\n마이펫플러스가 더 노력하고 열심히 할수 있도록 보호자분들의 응원의 힘을 보태 주시기 바랍니다.\n\n마이펫플러스 이용방법\n\n상품 구매후 상품인증번호와 병원 전화번호 문자 확인, 전화 예약 필수\n(평일 최소 내원 2-3일 전, 주말은 1-2주전) \n\n만약 수술불가및 단순 변심이라도 상품구매 30일내 1:1문의로 환불요청주시면 100% 환불가능합니다.(병원상품에 한함)\n\n수술비용은 마이펫플러스에서 구매했을때 특별한 사항이 없는한 추가비용없이 이용가능한 금액입니다.\n\n수술부위가 다르거나 검사및 상담후 수술보류, 추가처치 및 검사, 약처방일수등 추가사항이 있을경우 비용은 별도 발생할수 있으며 보호자 동의하에 진행됩니다. \n\n마이펫플러스가 있어서 가능해졌습니다.\n\n1. 합리적이고 저렴한 동물병원 가격비교&구매하고 병원 예약후 이용\n2. 연륜과 경험이 풍부한 원장님의 진료로 가격은 낮게 의료퀄리티는 높아졌습니다.\n3. 바가지 요금 걱정NO! 투명한 수술 프로세스 사전 확인 비교 \n수술비가 저렴하다고 수술을 대충해주거나 저가 재료를 쓰지 않습니다. \n4. 병원결제NO!\n마이펫플러스에서 구매해주실때 마이펫플러스 사이트가 유지될수 있습니다.\n유', ' 2019-06-12\n고양이 중성화수술 끝냈어요~\n후기를 좀 늦게 남기네요\n고양이 중성화수술 2주 전에 받았구요\n꼼꼼하게 잘 봐주셔서 애기 수술 잘 끝냈습니다\n중성화수술이 처음이라서 많이 걱정했는데\n안심했습니다~ 감사합니ㅎㅎ\n정', ' 2019-05-15\n중성화수술\n강아지들 중성화수술 잘했어요\n수술 봉합처치도 잘됐고 수술도 빨라서 좋았어요~\n한마리는 몸무게가 좀 있는 친구라 추가해서 구매했지만\n그래도 전체적으로 저렴한 편이라 만족스러워요 애들 회복력도 \n좋고 다음에도 이용하고 싶네요:) \n이', ' 2019-05-03\n좋아요\n3살,5살 두마리 중성화수술 빠르게 잘 끝냈어요:)\n\n한마리는 중성화랑 스케일링 같이 해줬는데 아주 \n뽀송뽀송하고 좋아요!! ㅎㅎ \n\n5살 아이는 몸무게가 좀 나가서 걱정이였는데 \n수의사쌤이 잘해주셔서 만족했어용~감사해요 \n\n\n진', ' 2019-04-30\n중성화수술 잘 끝냈어요!\n아가한테 잠복고환이 생겨서 중성화수술과 함께 수술해줬어요\n다행히 수술 잘 끝내고 후처치도 깔끔하고 좋네요 중성화수술 해줬으니 이제 아가가 건강하게 잘 자라겠죠ㅎㅎ 저렴한 가격으로 잘 이용했어요~  \n김', ' 2019-04-26\n굿굿\n좋아여 중성화수술 해주는 김에 스케일링도 해줬는데\n입냄새도 없어지고 아주 굿굿 좋아요 검사도 잘해주시고 \n 수의사쌤도 유쾌하셔서 좋았어여ㅎㅎ딸냄도 중성화수술 해줘야하는데 원장쌤 잘부탁드려용\n김', ' 2019-04-26\n수술후기!\n중성화수술 잘 끝냈네여\n8갤이라 해줄까 고민하다가 일찍 해주는 게 \n애기가 건강하게 클 수있다고 해서 중성화수술 해줬네여\n수술결과도 좋고 원장선생님 꼼꼼하셔서 좋았어여 \n정', ' 2019-04-26\n중성화수술 잘했어영!!\n푸들 두마리 중성화수술 해줬어용!\n후처지도 깔끔하고 수술도 빨리 끝나서\n만족해요 원장쌤 쿠키랑 미미 기억하시나요?\n덕분에 배꼽탈장있던 미미 많이 건강해졌어요 \n감사해요 :) ']",none,10,"['좋다', '꼼꼼하다']"
9,9,아이엠동물병원,반려견·반려묘 중성화수술,link,"['\n(암컷고양이중성화)우리집요정님중성화후기 ♡\n급하게 중성화알아보던중에 공휴일이라 수술가능 병원이 없더라구요 그런데 여기병원은 유일 연중무휴고 또 가격도 제일 저렴했어용!!\n가격만보고 결정하는건 아닌거같아 따로 병원에 대해 검색해 봤는데 \n인터넷 블로그에 중성화 말고도 여러 진료 후기가 많이 올라와있어서 보고 결정했는데 너무 잘한거같아요 ㅎㅎㅎ 간호사님도 친절하시고 원장님도 수술진행내용부터 자세히 설명해주시고 \n첫수술이라 걱정 많이했는데 \n수술도 잘된거같아요 ㅎㅎ\n집에 데려오자마자 밥달라고 막 잘먹고 상처가 잘 아물고있습니다 원장님 수술 잘해주셔서 감사합니다♡ \n하', '\n유병재님 냥이도했다는 그병원 중성화후기~\n우리 냥이들 중성화시기가 와서 알아보던중에 홍대의 아이엠동물병원에 왔습니다. \n다들 말씀하시는게 원래 유명한병원이네요. \n저는 사실 이번에 마펫검색하다가 처음알았어요.울냥이들이 너무건강해서 ㅎㅎ 병원에 자주 안다녀요.\n\n제가 유병재님팬인데 블로그를 찾아보다보니 유병재님 냥이도 여기서 중성화를 했더라구요.\n엄청난 애묘가이신 우리병재님만 믿고 바로 예약 진행했습죠.\n결과는 대만족. 군더더기 없고 진행이깔끔하고 수술부도 진짜 작아요~ \n제가좀 소심해서 처음온 병원이라 좀의심한게 사실인데 수술케이스가 정말많은듯한 느낌을 받네요\n\n여기가 1cm절개가 유명한데 자궁상태에따라 달라질수 있다고 하세요. 그게 맞는거라구요. \n타병원에서 무리하게 따라하다가 난소랑자궁이 제대로 안빠져나오는 사태가 종종 있다고 하시더군요. \n무봉합도 가능한데 실밥이 더안전해서 그걸로 추천하시더라구요.\n수술끝나고 수술전과 똑같은 울 냥이들 상태 보고 너무놀랐어요~\n유병재님적분에 선택한게 사실이지만 홍대아이엠 오길 잘한거같아요~~\n지', '\n명불허전!! 아이엠동물병원 수술후기♡♡\n소문듣고멀리서 차타고찾아온터라 주차장이중요했는데\n주차장이 넓어 편해서 일단 좋았구요~ 수술끝나고 데리고가는 시간까지 차세워놓고 홍대근처 잘 구경했어요!!\n너저분한 병원들이 넘많은데? 동물병원인지라\n한번씩 보이는 털들은 어쩔수없겠지만 전체적으로\n병원이 깔끔해서 넘마음에 들었어여.\n관리를 신경써서 잘하는 병원이라는 첫인상을 받았네요!\n\n연예인들도 많이 다니는듯해요. 제가간날은 못봤지만요ㅎ\n절대적인건아니지만 유명한연예인들이 많이다닌다니\n뭔가 괜히 신뢰가 더 가게되더라구요.\n무엇보다 제가 성형외과를자주다닌 경험때문에ㅎ 병원선택할때 제일 중요하게 보는게 원장선생님 출신이랑경력인데 홈페이지보니 뭔가알기힘든 대단해보이는? 경력들이 많으시더라구요. 의사쌤이 건국대출신이신데  건대수의대가 울나라에서 쫌많이 유명하져! 제짧은지식으로는 수의대는 건대랑 서울대가 투톱이라고들었어요! 근데 전보다 살이많이찌신듯해요ㅎ\n\n제가 방문한 날에 예약이 좀 많았는지 뭔가 빠르게 \n진행된다는 느낌을 받았지만 막상 제차례가되니\n설명같은거 자상히 해주세요~? 그만큼수술이 많고 잘되는병원이라는 거겠죠!! \n무사히 수술 잘끝내고 대만족해서 \n후기를 남길수밖에 없네요!!\n명불허전 인정합니다요~~ ']",none,3,"['많다', '없다']"
10,10,보람동물병원,반려견·반려묘 중성화수술,link,"['\n꼭 가세요 너무너무좋아요!\n이번에 고향에 있던 강아지를 데리고 오게 되어서 중성화시킬려고 예약해서 수술하였는데,\n진짜 대 만족입니다. 고향에 있을 때도 항상 병원은 제가 데리고 갔었는데 갈때마다 항상 피부연고 하나 받아오는데도\n비용도 너무 많이 들고 하여서 병원  데리고 가기가 부담스러웠는데 너무너무 좋은곳을 알게되었네요! \n물론 수의사선생님도 너무너무 좋으시구요!  중성화 뿐만 아니라 애기가 발톱도 부러지고 피부병도 있어서 \n하루 입원시키고 전부 치료부탁드렸는데 입원하면서 수액치료도 같이 진행하여주셔서 그런지 수술후에도\n애기가 아주 활발하고 그렇게 힘들어 하지도 않네요. \n넥카라도 세심하게 빠지지않게 처치잘해주시고, 미용까지 너무 이쁘게 잘해주셨어요.\n잘 회복하고 있는지 너무너무 잘 놀아요.\n금액부터 서비스처리까지 대만족이라 앞으로 조금 거리가 있더라도 꼭 이곳으로 다닐려고요! \n김', '\n너무좋아용\n선생님도 친절하시고 되게 다방면에서 걱정도 많이해주사고 안심도 시켜주세요ㅎㅎ 오늘 수컷고양이 중성화하고왔는데 실밥도 깔끔하고 위생미용도 너무 깔끔하게잘해주셔서 감사해요ㅎㅎ 수술잘됐는지 확인도 시켜주시고요! 아이도 너무 건강하게 회복중이라 한시름덜었어요ㅎㅎ 천넥카라가 수술부위에 닿을까 걱정하셨는데 다행히 몇번 얼굴 가져대려다 택도없으니까 포기하더라고요ㅎㅎ 실밥 꼼꼼히 묶어주셔서 잘만 아물면중성화 깔끔하게 끝날 것 같아요ㅎㅎ한달반정도 후에 여아도 여기서 중성화하려고 바로 쿠폰 또 샀어용ㅎㅎ']",none,2,"['좋다', '깔끔하다']"
11,11,좋은동물병원,반려견·반려묘 중성화수술,link,"[' 2020-02-17\n너무 좋아요\n착한가격에 좋은선생님만나서 애기 중성화수술 잘했어요.  잠복고환이라 걱정했는데 수술도 금방 끝나고 수술부위도 깔끔해요ㅎㅎ 실밥없어서 일주일만 넥카라 잘하고 풀어주라고 하셨어요. 다른 부분들도 꼼꼼하게 신경써주셔서 오늘 주사도 맞고왔어요~ 근처에 병원을 어디갈지 많이 고민했는데 마이펫플러스보고 좋은병원알아서 만족스러워요ㅎㅎ\n이', ' 2020-02-12\n중성화 후기\n 4살 정도의 암컷을 중성화 하는 거라 나이도 있고 평소에 조금 약한 아이라 걱정했는데 지금 2주정도 지났는데 별 탈 없이 수술이 잘 됬어요 !!! 다른데서 중성화도 해봤었는데 거기와 비교해도 절개 부위도 크지 않아서 좋았습니다.                           \n박', ' 2019-07-30\n후기\n수술 잘 받았어요~!\n친절하시고 너무 좋네요 ㅎㅎ\n 김', ' 2019-07-18\n중성화 잘 됐어요\n중성화 시키려고 이것저것 알아보던 도중, 저희 아이가 피하 잠복고환이란 걸 알게됐어요\n우선 발사가 없다는게 제일 좋았구요\n병원도 깔끔한 느낌이라 맘에 들었네요^^\n마이펫플러스 2019-07-18 18:02\n안녕하세요. \n합리적인 동물병원비용의 기준으로 유기견 유기묘 예방의 기초를 만들어가는 마이펫플러스입니다. \n\n앞으로도 마이펫플러스를 많이 응원해주시기 바랍니다.\n\n마이펫플러스 이용하신 후 후기글 작성 시 선물 증정. (100% 모든분께 드림)\n\n이용하신 업체에 대한 후기글을 sns나 블로그 카페 커뮤니티 등에 정보공유 해주시고,\n해당 글의 URL을 간단한 구매평과 함께 마펫에서 이용하신 업체 상품 구매평에 후기로 남겨주시면 선물을 보내드립니다^^\n\n저희 마이펫플러스는 동물병원비용부담으로 제때 치료받지 못하고 방치되거나 유기되는 동물의 숫자를 줄여보자는 취지로 운영되고 있습니다.\n그러나 아직은 많은 동물병원들이 가격공개와 가격인하에 대해 거부감이 많아 병원제휴에 어려움이 있습니다.\n특히나 지방 쪽 병원들의 협조가 쉽지 않아 제휴가 많이 더디고 있습니다.\n마이펫플러스가 더 노력하고 열심히 할 수 있도록 보호자분들의 응원의 힘을 보태 주시기 바랍니다.\n\n', ' 마이펫플러스 이용방법\n\n상품 구매 후 상품 인증번호와 병원 전화번호 문자 확인, 전화 예약 필수!\n(평일 최소 내원 2-3일 전, 주말은 1-2주전) \n\n만약 수술불가 및 단순 변심이라도 상품구매 30일내 1:1문의로 환불요청주시면 100% 환불가능합니다.(병원상품에 한함)\n수술비용은 마이펫플러스에서 구매했을때 특별한 사항이 없는한 추가비용없이 이용가능한 금액입니다.\n수술부위가 다르거나 검사 및 상담 후 수술 보류, 추가처치 및 검사, 약처방일수 등 추가사항이 있을 경우 비용은 별도 발생할수 있으며 보호자 동의하에 진행됩니다. \n\n마이펫플러스가 있어서 가능해졌습니다!\n\n1. 합리적이고 저렴한 동물병원 가격비교&구매하고 병원 예약후 이용\n2. 연륜과 경험이 풍부한 원장님의 진료로 가격은 낮게 의료퀄리티는 높아졌습니다.\n3. 바가지 요금 걱정NO! 투명한 수술 프로세스 사전 확인 비교!\n수술비가 저렴하다고 수술을 대충해주거나 저가 재료를 쓰지 않습니다. \n4. 병원결제NO!\n마이펫플러스에서 구매해주실 때 마이펫플러스 사이트가 유지될 수 있습니다.\n박', ' 2019-07-12\n친절하시네요\n절개부위가 정말 작고 깔끔하게 후처치 잘해주셨어요~\n친절하시고 좋네요~\n아이 마취 깨서 밥도 잘 먹고 건강해보입니다 감사해요!\n마이펫플러스 2019-07-16 17:21\n안녕하세요. \n합리적인 동물병원비용의 기준으로 유기견 유기묘 예방의 기초를 만들어가는 마이펫플러스입니다. \n\n앞으로도 마이펫플러스를 많이 응원해주시기 바랍니다.\n\n마이펫플러스 이용하신 후 후기글 작성 시 선물 증정. (100% 모든분께 드림)\n\n이용하신 업체에 대한 후기글을 sns나 블로그 카페 커뮤니티 등에 정보공유 해주시고,\n해당 글의 URL을 간단한 구매평과 함께 마펫에서 이용하신 업체 상품 구매평에 후기로 남겨주시면 선물을 보내드립니다^^\n\n저희 마이펫플러스는 동물병원비용부담으로 제때 치료받지 못하고 방치되거나 유기되는 동물의 숫자를 줄여보자는 취지로 운영되고 있습니다.\n그러나 아직은 많은 동물병원들이 가격공개와 가격인하에 대해 거부감이 많아 병원제휴에 어려움이 있습니다.\n특히나 지방 쪽 병원들의 협조가 쉽지 않아 제휴가 많이 더디고 있습니다.\n마이펫플러스가 더 노력하고 열심히 할 수 있도록 보호자분들의 응원의 힘을 보태 주시기 바랍니다.\n\n', ' 마이펫플러스 이용방법\n\n상품 구매 후 상품 인증번호와 병원 전화번호 문자 확인, 전화 예약 필수!\n(평일 최소 내원 2-3일 전, 주말은 1-2주전) \n\n만약 수술불가 및 단순 변심이라도 상품구매 30일내 1:1문의로 환불요청주시면 100% 환불가능합니다.(병원상품에 한함)\n수술비용은 마이펫플러스에서 구매했을때 특별한 사항이 없는한 추가비용없이 이용가능한 금액입니다.\n수술부위가 다르거나 검사 및 상담 후 수술 보류, 추가처치 및 검사, 약처방일수 등 추가사항이 있을 경우 비용은 별도 발생할수 있으며 보호자 동의하에 진행됩니다. \n\n마이펫플러스가 있어서 가능해졌습니다!\n\n1. 합리적이고 저렴한 동물병원 가격비교&구매하고 병원 예약후 이용\n2. 연륜과 경험이 풍부한 원장님의 진료로 가격은 낮게 의료퀄리티는 높아졌습니다.\n3. 바가지 요금 걱정NO! 투명한 수술 프로세스 사전 확인 비교!\n수술비가 저렴하다고 수술을 대충해주거나 저가 재료를 쓰지 않습니다. \n4. 병원결제NO!\n마이펫플러스에서 구매해주실 때 마이펫플러스 사이트가 유지될 수 있습니다.\n까', ' 2019-04-25\n가격때문에 망설이다 이용했는데 친절하고 후처치깔끔히 해주시네요.\n동네 병원보다 저렴한 가격에 살짝 망설이기도 했지만 마이펫플러스에서 결제후 원장님과 상담후에 가격이 저렴하다고 홀대하시지 않고 더 잘해주셨습니다.\n아마도 적은 비용으로 이용하시기가 꺼려졌던 분들께 조그마한 선택에 도움이 되시라고 글 적어봅니다.\n수술후에도 깨발랄하게 노는 아이보고 정말 수술도 잘해주시고\n가격도 저렴한 병원 더 많은 보호자들이 이용했으면 합니다.\n감사합니다.\n장', ' 2019-02-28\n수술 잘 받았어요\n암컷이라 동네 병원에서 수술비를 너무 비싸게 부르더라구요. 시켜주라고 말하면서 비용은 말도 안되게 비싸게 불러버리니 시켜줄 엄두가 너무 안 났네요. 제가 학생이라서.. 근데 마이펫플러스를 알게 되었고 진짜 너무 운 좋게 저희 지역에도 병원이 있어서 동네병원에서 부르던 값의 반에 수술 시켜줬습니다.\n\n가격도 너무 저렴하고 병원도 친절하고 진짜 너무 감사해요. \n전', ' 2019-02-28\n친절하세요\n원장님이나 간호사 선생님들 다 친절하시고 수술도 금방 끝나고 수술 부위도 크지 않아서 그런지 금방 아물더라구요. 다 너무 좋았네요 감사합니다\n이', ' 2019-02-27\n잘 됐어요\n후처치나 발사가 따로 필요 없는게 되게 편한거 같네요 수술 잘 됐어요 \n임', ' 2019-02-27\n절개 부위가 크지 않은게 정말 좋은거 같아요\n첫째도 암컷이여서 다른 병원에서 했었는데 그때 애가 엄살이 많아서인지 아니면 수술을 해서 그런건지 상당기간동안 고생이 많았는데 저희 둘째는 마이펫플러스의 좋은동물병원에서 수술을 진행했는데 결과도 좋고 비용도 저렴하고 좋네요 ㅎㅎ 얘는 빨빨 거리면서 잘 다녀요 ㅎㅎ 감사해요\n한', ' 2019-02-22\n좋아요 ^^\n큰 애는 어릴 때 이미시켜서 우리 둘째 수술 시켜줬는데 정말 절개부위가 작네요 ^^ 애가 많이 아파하지 않는거 같아요. \n안', ' 2018-12-12\n너무 좋네요\n시설도 상당히 깔끔하고 최소 절개라 그런지 덜 아파하는거 같아요. 우리 첫째는 다른 곳에서 예전에 했거든요~ 선생님도 친절하시고 가격도 다른 곳에 비해 넘넘 저렴하네요~']",5.0,14,"['좋다', '저렴하다']"
12,12,하니동물병원,반려묘·반려견 중성화수술,link,"[' 2020-04-28\n잘 받고 씨없는왕자가되었어요\n 수술전검사도 잘받았고요  마취하고 나아라  금방 잘끝났어요  원장님이  잘해주신거같앗어요  약도잘먹이고  고민햇던 중성화가 무색할만큼 잘끝냈습니다  감사합니다\n신', ' 2020-04-04\n우리 고양이 수술 잘하고왔어요\n제가 갔던 날은 좀 어수선한 느낌이었지만, 그래도 선생님이 친절하시고 수술도 잘됐어요. 호흡 마취하니 확실히 여자애인데도 금방 깨고 저녁부터 잘 먹고 잘 돌아다녔어요ㅎㅎㅎ 수술시간은 20분정도 검사와 대기까지 총 1시간 좀 넘게 걸렸어요\n김', ' 2020-02-26\n저렴하게 수술받을수 있네요~\n고양이 중성화수술도 동물병원마다 금액이 다른데 친구소개로 마이팻 플러스를 알고난뒤 집근처의 동물병원들에서 진행하는 마이팻플러스 할인금액으로 할인해서 수술받을수 있으니 좋네요. 동물병원마다 금액을 물어보는덧도 힘든데 한번에 금액을 알수 있고 저렴하게 수술받을수 있어서 좋네요. 더 많은 품목이 나왔으면 하는 바램이 있어요~추천합니다. 우리 녕이들이 필요할때 자주이용하고 있어요\n김', ' 2020-02-25\n여야 중성화 호흡마취 [후기등록 URL]\n\n항생제도 주사로 놔 줘서 약 먹일 일도 없고 안쪽으로 녹는 실, 바깥으로 생체본드를 써서 실 뽑으러 재방문 할 필요 없어요. \n3일에 한번씩 바르라고 소독약만 줍니다. \n보호자 입장에서 가장 편리한 방식이라 만족하고 추천합니다. \n\n병원 방문해서 데리고 나올 때까지 한시간 30분 걸렸어요. 수술시간은 15분 정도였는데, 혈검 + 대기 시간이 한시간이었어요. \n예약 전화 했을 때, 예약을 하더라도 먼저 온 동물이 있으면 기다릴 수 있다고 고지는 했어요.  \n\n특징은 아이가 입원장에 들어가지 않는다는 것이에요.\n혈검한 뒤에 대기하는 시간, 수술 끝나고 잠깐 안정을 취하는 시간에 입원장 대신 데리고 온 이동가방에 넣고 대기실에서 보호자가 지키도록 해요. \n\n길지 않은 시간이라서 입원장보다 이동가방이 낫겠다는 생각도 듭니다. \n아이는 한시간쯤 지나니까 완전히 깬 것 같았어요. \n\n수술 후 네시간 금식하고 나서 밥 잘 먹었고 사냥 놀이도 하면서 비틀거림없이 생활했어요. \n다른 아이들 주사마취로 수술시켜 봤는데, 밤까지 몽롱해 하다가 하룻밤 지나야 안정되는 모습이었거든요.\n확실히 호흡마취가 금방 깨어나서 좋은 것 같아요. \n이', ' 2019-10-29\n고맙습니다.\n동물병원의 합리적인 가격으로 이용할수 있게 해주어서 정말 감사합니다.\n 이', ' 2019-08-12\n전문가 포스 철철~~\n길냥이도 치료하시고 해서 엄청나게 바쁘더라구요 그래서 좀 기다리는 시간도있었지만 바쁘신 와중에 친절하게 잘알려주셨어요!무엇보다 상처가 예뿌게 빨리 잘 아물었습니다! 너무너무 감사드려요~~\n최', "" 2019-08-10\n안전하고 좋아요\n우리 애기냥 중성화해주러 여기저기 알아보다가\n하니동물병원이 후기도 많고 냥까페에서도 많이 추천해주길래 여기로 갔어요\n호흡마취로 하니까 확실히 빨리 깨더라구요 ㅎㅎ 암컷이라 더 걱정되어서 호흡마취로 했는데 잘 된거 같아요\n지금 열흘 지나서 환묘복은 벗었고 흉터도 잘 안보여요 아주 잘 뛰어다녀요 감사합니다’\n마이펫플러스 2019-08-12 17:33\n안녕하세요. 마이펫플러스 입니다.\n\n★ 마이펫플러스 후기 이벤트 참가 방법 ★\n1. SNS, 블로그, 카페, 커뮤니티 등에 이용한 업체에 대한 솔직 후기 작성!\n2. 마이펫플러스 로그인 > 이용한 상품 구매평 > 간단한 후기 + 해당 URL 남기기!\n3. 익월 15일 이후. 당첨자 공지글에서 내 이름 확인하기! (100% 당첨)\n- 주의사항 : SNS등에 후기글 남길 때, '마이펫플러스'를 통한 구매임을 꼭 밝힐 것!\n\n저희 마이펫플러스는 동물병원 비용이 부담스러워 제때 치료받지 못하고 방치되거나 유기되는 동물의 숫자를 줄여보자는 취지로 운영되고 있습니다.\n그러나 대다수의 동물병원들(특히 지방 쪽)이 할인된 비용을 공개하기를 꺼려하며, 마이펫플러스에 입점 자체를 거부하고 있습니다.\n마이펫플러스가 더욱 힘내서 열심히 할 수 있도록 보호자분들의 응원의 힘을 보태 주세요!!\n저희 마이펫플러스를 위한 보호자분들의 응원이 필요합니다 :)\n\n"", ' 마이펫플러스의 역할\n1. 바가지 요금 걱정 NO! 동물병원 별 합리적이고 저렴한 가격 비교 가능!\n2. 연륜과 경험이 풍부한 원장님들의 입점! 비용은 낮게, 의료 퀄리티는 높게!\n3. 수술 프로세스 투명 공개! 전 프로세스 사전 확인 가능!\n\n< 서울시 수의사협회, 마이펫플러스 제휴병원에 탈퇴 협박공문 관련 기사 >\nhttp://imnews.imbc.com/replay/2019/nwdesk/article/5139042_24634.html\n\n동물병원 비용을 합리적인 기준으로, 유기견 유기묘 예방의 기초를 만들어 가는\nNO.1 반려동물전문소셜 마이펫플러스가 1000만 반려인과 반려동물의 권리를 지켜갑니다.\nwww.mypetplus.co.kr\n메', ' 2019-07-12\n우리 메이 드디어 중성화 했어용ㅎㅎㅎ\n우선 아이 정보는 -> 메이/8개월/암컷/코숏 입니다!\n\n기초접종 끝내고 나서 제가 계속 시간이 안나다가 드디어 시간이 나서 중성화 시켜줬어요^^\n마이펫플러스에서 여러 병원 비교해보고 엄청 고민하다가 하니로 선택했는데 너무 잘한 것 같아요 ㅎㅎㅎ\n아직 어려서 굳이 호흡마취는 필요 없다고 하셔서 스탠다드로 구매했는데\n19만원이면 다른 곳보다 엄청 저렴한데 혈액검사랑 CBC?인가 그것도 해주시고 뭐가 되게 많더라구요!!\n제일 좋았던 건 후처치나 실밥 제거가 필요 없어서 재방문하지 않아도 된다는 점이었어요~\n아무리 좋아도 집이 멀어서 사실 다시 오기가 너무 번거로웠거든요ㅠㅠ\n넥카라 며칠 씌워주고 나니까 벌써부터 잘 뛰어노네요 ㅎㅎㅎ\n아직 조심해야되나 싶기도 한데 원체 얌전한 아이라 그냥 두고 지켜보고는 있어요^^\n암튼 너무 감사하구요 수술도 잘 된 것 같아서 기분이 좋네요~~\n추가접종시기나 뭐 필요한거 있으면 젤 먼저 하니동물병원부터 찾아볼게용^^~~\n마이펫플러스 2019-07-16 17:21\n안녕하세요. \n합리적인 동물병원비용의 기준으로 유기견 유기묘 예방의 기초를 만들어가는 마이펫플러스입니다. \n\n앞으로도 마이펫플러스를 많이 응원해주시기 바랍니다.\n\n마이펫플러스 이용하신 후 후기글 작성 시 선물 증정. (100% 모든분께 드림)\n\n이용하신 업체에 대한 후기글을 sns나 블로그 카페 커뮤니티 등에 정보공유 해주시고,\n해당 글의 URL을 간단한 구매평과 함께 마펫에서 이용하신 업체 상품 구매평에 후기로 남겨주시면 선물을 보내드립니다^^\n\n저희 마이펫플러스는 동물병원비용부담으로 제때 치료받지 못하고 방치되거나 유기되는 동물의 숫자를 줄여보자는 취지로 운영되고 있습니다.\n그러나 아직은 많은 동물병원들이 가격공개와 가격인하에 대해 거부감이 많아 병원제휴에 어려움이 있습니다.\n특히나 지방 쪽 병원들의 협조가 쉽지 않아 제휴가 많이 더디고 있습니다.\n마이펫플러스가 더 노력하고 열심히 할 수 있도록 보호자분들의 응원의 힘을 보태 주시기 바랍니다.\n\n', ' 마이펫플러스 이용방법\n\n상품 구매 후 상품 인증번호와 병원 전화번호 문자 확인, 전화 예약 필수!\n(평일 최소 내원 2-3일 전, 주말은 1-2주전) \n\n만약 수술불가 및 단순 변심이라도 상품구매 30일내 1:1문의로 환불요청주시면 100% 환불가능합니다.(병원상품에 한함)\n수술비용은 마이펫플러스에서 구매했을때 특별한 사항이 없는한 추가비용없이 이용가능한 금액입니다.\n수술부위가 다르거나 검사 및 상담 후 수술 보류, 추가처치 및 검사, 약처방일수 등 추가사항이 있을 경우 비용은 별도 발생할수 있으며 보호자 동의하에 진행됩니다. \n\n마이펫플러스가 있어서 가능해졌습니다!\n\n1. 합리적이고 저렴한 동물병원 가격비교&구매하고 병원 예약후 이용\n2. 연륜과 경험이 풍부한 원장님의 진료로 가격은 낮게 의료퀄리티는 높아졌습니다.\n3. 바가지 요금 걱정NO! 투명한 수술 프로세스 사전 확인 비교!\n수술비가 저렴하다고 수술을 대충해주거나 저가 재료를 쓰지 않습니다. \n4. 병원결제NO!\n마이펫플러스에서 구매해주실 때 마이펫플러스 사이트가 유지될 수 있습니다.\n정', ' 2019-06-13\n감사해요~\n덕분에 중성화수술 잘 하고 왔어요~\n후기 보고 갔는데 원장님 친절하시고 수술 전에 검사 잘해주시더군요~~수술 후 처치도 깔끔하고요 막내도 여기서 해줄랍니다. \n감사합니다^0^  \n은', ' 2019-06-12\n중성화수술\n우리 땡이 중성화수술 해줬는데 원장님께서 진찰 잘해주시고 \n상담잘해주셔서 좋았네요^^ 수술 후 수술부위도 적고 회복속도빠르고 좋아요 하니동물병원 추천합니다\n\n임', ' 2019-06-11\n중성화수술 후기~\n원장님 크림이랑 초코 신경써서 수술 잘해주셔서 감사해여!\n넥카라도 두개 구매했는데 가격대비 참 좋네요 수술 후 애들 컨디션도 나쁘지 않고 둘이 잘 놀구 잘자요~~감사해요^^\n장', ' 2019-06-11\n중성화수술\n우리 쩡아 중성화수술 잘하고 왔어요~\n다들 친절하시고 원장님께서 진료상담도 잘해주셔서 좋았구요\n수술하고 상처부위도 잘 아물고 있어요ㅎㅎ원장님 실력 좋으신 것 같아요 앞으로 여기 병원만 다니려구요:)  \n송', ' 2019-03-18\n중성화 수술 했어요\n암컷(2년/2.5kg)\n\n프리미엄 + 환묘복 했고 수술 5일 지났는데 별 문제 없네요\n\n검사부터 수술 후 안내 등 1시간 30분정도 걸렸고, 1시간 정도 지나니 마취 완전히 풀렸어요.\n\n밥도 거르는거 없이 잘 먹네요.\n\n생체밴드로 재방문이 필요없는게 맘에 들어서 선택했어요, 3일에 한번씩 병원에서 준 요오드 소독약만 발라주면 끝~\n꾸', ' 2018-11-14\n냥이 중성화 받았어요!!\n원장님이 냥이에 대한 관심과 애정도가 상당히 높으시더라구요, 보통은 강아지들에 집중된 경향이 많은데 그런점에서 집사로서 정말 좋았어요.\n\n차분히 저희 애기 잘 봐주시고 수술도 잘 받고 왔습니다!\n뽈뽈거리면서 잘 다니네요!!! 밥도 잘 먹고 ㅠㅠ 기특해 ㅠㅠ\n\n감사해요 :)\n배', ' 2018-09-06\n스케일링과 같이 해서 좋아요\n3살이라 스케일링을 해줘야 할까 말가 하고 있었는데 중성화수술 알아보면서 스케일링도 같이 있어서 같이 구매해서 했는데 중성화도 잘 되고 이빨도 깨끗해졌어요 추천합니다!\n신', ' 2018-09-03\n만족스러운 중성화수술\n둘째는 암컷이라 사오십만원 정도 든다길래 부담이 되서 찾아보다 마이펫플러스를 알게 됐어요. 마침 가까운 곳에 동물병원이 있어서 예약하고 예약하면서 여러가지 여쭤봤는데 무척 친절하셨고 병원에서 진료 받고, 수술 후에도 친절하셔서 무척 만족했답니다! 강추해요!\n윤', ' 2018-08-31\n고양이 중성화\n오전에 구매하고 오후에 검진 및 수술 받으러 갔습니다.  첫 구매라 좀 걱정했는데 의사 선생님도 상담 진행해주실때 친절하게 해주시고 간호사님도 저희 고양이 예쁘다고 칭찬도 해주시더라고요. 가격까지 저렴하게 받아서 여러모로 기분이 좋았습니다. 수술도 큰 탈없이 잘 진행됐습니다.\n유', ' 2020-04-28\n중성화 후기\n병원이 전체적으로 좁은 느낌입니다.\n수술 이후 프론트에 사람이 없어서 결제 등 안내절차가\n미흡해서 아쉬웠습니다.\n중성화 수술 결과는 아주 좋았습니다.\n상처부위도 작고 추후 실밥 제거하러 병원을 다시 가지 않아도 되서 편했고 상처부위도 아주 잘 아물었어요.\n병원이 좁은 것, 대기 시간이 조금 있었던 것, 프론트 안내 및 전반적 절차 안내가 미흡했던 것 빼고는 만족합니다. \n소', ' 2019-09-09\n기대했는데..\n후기들이 워낙 좋아서 기대했는데 전 기대보다 별로였어요 병원에 강아지냄새가 나고 원래다녔던 병원이 친절하셨어서 그런지 여기는 그렇게 친절하다고 느끼지 못했어요 그리고 이동장이 위로 열수있는거였는데도 꺼내는데 그냥 문밖으로 팔하나 잡고 끌어서 꺼내시더라고요 제눈에는 좀 거칠게 다루는거 같아서 기분이 좋진않았어요 수술 끝나고나서 집에와서 애가 원래하악질이나 으르렁 거린적이 없는데 거의1-2일정도 다가가기만해도 그랬어요 지금은 괜찮아졌지만 마음이 아팠네요 ㅠㅠ지금은 수술부위도 괜찮아지고 있는거같아요 그리고 수술할때 수술주변 털을 조금 밀고 하셨으면 좋았을텐데 주변을 안밀고해서  수술부위주변이 좀 지저분하더라구요..무튼 기대했던거보단 좀 실망이었어요..ㅜ\n박', ' 2019-08-15\n솔직히 실망이였어요\n병원에 들어가자마자 강아지 냄새가 너무 나서 솔직히 청결이 걱정되더라구요.... 그리고 처음에 남자 원장님이 피를 뽑으셨는데 아이를 달래주면서 하기보단 강제로 팔을 잡아당기면서 하셔서 아이가 좀 놀란것 같더라구요ㅠㅠ 그래도 그이후에 여자 선생님이 친절하게 설명해주셔서 다행이였지만 저는 다른 후기평들처럼 엄청 좋고 그러진 않았네요.......']",none,22,"['좋다', '없다']"
13,13,둘리동물병원,반려견·반려묘 중성화수술,link,"['\n중성화 남아 두마리 함\n노원근처 3군데 비교하면서 5개월된 남아 두마리 중성화하러 갔어요 후기가없길래..불안했습니다\n귀찮아서 후기진짜안남기는 스타일인데 후기가 너무 없어서 참고하라고 글씁니다 \n깔끔하고 동네 동물병원이에요 근데 길냥이 티앤알도 이쁘게 봐주시는거같고요 두마리둘다 이뻐해주시면서 꼼꼼히 봐주시고 여긴이렇고 저렇다 하나하나 세세하게 말씀해주시고 한애는 잠복고환인데 별문제없이 18만원주고 했고요 애가 난리난리치는데도 차분히 봐주시고 수술하고나니 둘이서 붙어있으면 난리난리치려하는데 케이지 빌려주시려하고 됐다하니 큰수건이라도 감싸라해서 받아오고 깔때기 비싸기만하고 별로 쓸일없다고 빌려주셨습니다 쿨내나고 꼼꼼하고 봐주시는 보조?분도 굉장히 친절하시네여 \n그냥 좋음 가세요 집앞에 자주가는 동물병원있는데 솔직히 거기보다 좋네요 객관적인 평가고 아주맘에 들었고 우리애들 너무 잘해주셨고 맘에들고 좋은데 후기없어서 은혜갚는까치마냥 남깁니다\n이', '\n중성화 수술 했습니당 @.@\n초보집사라 처음 병원 선점부터 힘들었어요\n고다에서 좋다고 추천 많은 병원도 내원해 보았고 했지만 저랑 맞는 선생님 찾는것도 중요하더라구요 ㅠㅠ 그러다가 고다에서 둘리동물병원 추천글 보고 집에서 가깝고 또 마이펫플러스에서 병원비도 미리 확인하고 갈수 있어서 내원하게 되었어요 아무래도 초보 집사다 보니 병원비 걱정에 덜덜덜 했거든요  집에서 도보로 10분정도 걸리더라구요 작고 아담한 병원인데 고양이가 세마리나 있어서 ㅋㅋㅋㅋㅋ 또 의사선생님도 털털하시고 매우 친절 하시더라구요 그래도 의심 많은 저인지라 예방접종 2차까지 하고 중성화 병원은 다른 멀리있는 유명한 병원으로 갈지 ㅠ 아님 믿고 둘리병원 원장님께 갈지 엄청 갈팡질팡 고민 했는데 그래도 그동안 저희 고양이 봐주신것도 있고 초보다 보니 별거 아닌걸로 맨날 데리고 간게 한두번이 아닌데 그럴때마다 웃으시면서 잘 봐주시고 하셨거든요 ㅎㅎ 길고양이 티엔알 수술도 해주고 계시고 하셔서 그동안에 믿음으로 중성화까지 맡겼습니다 원래 엄청 순둥이여서 걱정 안했는데 데릴러 가니 화가 엄청 나있어서 놀랐어요 ㅠ.ㅠ 하지만 이건 수술이 잘못됐다거나 그런게 아니고 그냥 저희집 고양이가 엄청 아팠어서 그런거라 생각해요 집에와서도 막 배신감에 치를 떨듯이 하악질 하고 울었지만 한숨 자고 일어나선 다시 순한 고냥이로 돌아왔어요 ㅎㅎ 봉합부위도 작고 잘 아물어 가고 있어요 넥카라도 쿨하게 빌려주시고 ㅎㅎㅎㅎ 완전 쿨하세요 낚싯대 살라거 물으니 전엔 그냥 가져가세요 어차피 500원인데~ 하시면서 ㅋㅋㅋ 보호자 얘기도 잘 들어주시고 고양이도 많이 예뻐해주세요 \n둘리동물병원 정말 추천 합니다 ^0 ^\n\n\nhttps://cafe.naver.com/ilovecat/5365217']",none,2,"['아니다', '없다']"
14,14,사랑의동물병원,반려견·반려묘 중성화수술,link,"['\n중성화 했어요 ^^\n예방접종도 끝나고 중성화 시기도 되서 중성화 수술 했어요 ^^\n땅콩 사라져서 많이 놀란거 같아요, 근데 수술은 잘 됐어요. 저희 애가 아파하는 모습은 없어요 ㅎㅎ 고생하셨어요 원장님 ^^']",none,1,"['아프다', '없다']"
15,15,모범동물병원,반려견·반려묘 수컷 중성화수술,link,"[' 2019-05-08\n좋아요\n진돗개 남아 중성화수술 잘했어요\n상담도 모르는 부분 친절하게 설명해주셨고요ㅎㅎ\n강아지 중성화수술도 잘됐고 후처치도 깔끔해서 만족해요\n  \n김', ' 2019-04-11\n중성화 잘했어요\n수컷 프리미엄에 추가로 넥카라 구매해서 수술했습니다. \n후처치도 깔끔하고 아주 괜찮았어요 마펫 저렴해서 제 주변 지인들한테 추천할 생각입니다. \n임', ' 2018-12-28\n중성화 후기\n나이가 있는 애라 프리미엄으로 구매해서 중성화 시켜줬습니다. 이렇게 저렴한 가격이 혈액검사랑 cbc까지 포함되어 있으니 좋네요. 수술도 잘 됐습니다. 감사합니다.\n손', ' 2018-06-21\n잠복고환 수술했어요\n우리 냥이 암컷인 줄 알았어요ㅜㅜ 잠복고환이라고 하더라구요... 복강내라고 하셔서 환불하구 다시 구매했구요 전화로 환불 바로 됐고 쌤도 친절하셔서 이것저것 물어보기 좋았어요 지하철역 근처라 찾기 쉬웠어요']",none,4,"['좋다', '깔끔하다']"
16,16,닥터펫동물의료센터,반려견·반려묘 중성화수술,link,"['\n수술 잘 받고 왔습니다. ^^\n7월 12일날 리트리버 2살 여아 수술하고 왔어요. \n\n기존 다니던 병원은 수술비가 너무 비싸서 마이펫플러스 추천받고 이곳에서 하게 되었네요. \n\n대형견은 소형견보다 수술비가 많이 비싸서 부담스러웠는데\n\n원장님도 친절하시고 아이 수술도 잘 돼서 만족합니다. \n\n초반에 씌웠던 카라가 작았던지 애가 핥아서 피부 염증이 생겼었는데\n\n애기 문제 있다고 하니 원장님 퇴근도 안하고 \n\n기다렸다가 진료봐주시고 항생제 처방에 처치까지 그냥 해주셨어요. \n\n친절하시고 수술 후 상태확인도 잘 해주셔서 너무 감사했습니다. \n\n애가 염증이 잘 생기는 체질이여서 짓물 더 나거나 염증 심해지면\n\n아이 맡기라고 하시면서 신경써주셔서 감동받았습니다.  \n이', '\n여아 중성화 수술이 너무 잘됐어요\n4개월된 어린 고양이인데 이른 발정이 와서 빨리 예약을 잡았습니다. 설 연휴라 정신없으셨을텐데 입원하는 하루 동안 케어도 잘 해주셨어요. 애가 어려서 마취약 부작용이 있으면 어쩌나, 수술이 잘못되면 어쩌나 걱정 많이했는데 수술 후 컨디션도 정말 좋고 무엇보다 수술 부위가 너무 깔끔해요. 저렴한 가격에 좋은 의료서비스 정말 감사합니다.\n정', '\n1년 10개월차 암컷 강아지 중성화 수술\n우선 수술 결과에 매우 만족합니다.\n생각보다 절개부위가 훨씬 작아 너무 좋았고,\n수술 이후 따로 병원에 소독하러 방문할 일이 없어서도 엄 청 좋았어요.\n울 아이가 넥카라를 벗긴 틈을 타 수술 부위를 핥아서 덧났는데, 정말 깜쪽같이 깨끗하게 낫게 해주셨네요.\n의료진이 필요한 설명만 딱 해주시는 것도 좋았고, 하루 밤 병원에서 재우면서 경과를 봐주시는 것도 아주 감사했습니다.\n매우 믿음이 가는 병원입니다.']",4.9,3,"['좋다', '만족']"
17,17,행복한동물병원,반려견·반려묘 중성화수술,link,"['\n행복한동물병원 최고에요 [후기등록 URL]\n친구 소개로 마이펫플러스 어플 알게되어 집에거 가장 가깝기도 하고 합리적인 가격이었던 서울대입구역 근처 행복한동물병원에서 애기 중성화수술을 맡기게되었는데요\n병원 내부는 깔끔하고 아주 조용했구요 수술에 앞서 원장선생님께서 과정이랑 유의사항 조곤조곤 간결하게 알아듣기 쉽게 말씀 잘해주셨구요\n가장 중요했던 수술!! 수술시간은 마취 후 15분 내외로 진행되었고, 수술당일날에는 아무래도 여파가 있는지 애기가 앉지도 서있지도 못하고 힘없이 있었는데 ㅜㅜ 근데 다음날 되니까 아무일 없었던양 엄청 활기차게 막 뛰어다니길래 진짜 한시름 놨습니다 걱정 엄청 했거든요 ㅜㅜ\n원장쌤께서 수술부위도 정말 손톱만큼 절개하고 수술후 소독약+붕대+약으로 아주 꼼꼼하게 사후 처치해놓으셔서 애기한테 자국도 거의 안남고 회복 잘되어서 저는 정말 진심 너무 만족합니다 수술 걱정되시는 분은 행복한 동물병원 강추드려요 가격도 너무 저렴하게 합리적으로 잘해주세요 수술도 완전잘하심']",none,1,"['행복', '행복하다']"
18,18,나루동물병원,반려견·반려묘 중성화수술,link,"[' 2020-02-12\n역시!외과수술 전문\n대형견에 어렸을때 아파서 병원 트라우마까지 있는\n까칠한 우리 강아지를 아주 능숙하게 마취시키고\n완벽하게 수술까지 해주셔서 너무 좋았어요\n특히 다른병원에서 찾아내지못했던 이유 모를 눈병이 체리아이였다는걸 찾으셔서 마취한 김에 바로\n수술을 할수있어서 일석이조였어요\n앞으로 우리 강아지들은  이 병원으로 정했어요\n친절하고 따뜻한 간호사님들도 정말감사했어요^^\n 이', ' 2018-05-11\n최상의 병원\n수술 전문 병원이라서 선택했는데 정말 잘한거 같아요.깨끗하고 친절한데다 실력도 정평이 있으셔서..다른 병원도 이랬으면 좋겠어요\n이', ' 2018-03-16\n중성화수술 잘 됐어요~~\n원장님이 역시 실력이 좋으신 것 같아요~\n이', ' 2018-03-16\n병원이 참 좋아요\n규모나 시설이나 청결함이 너무 맘에 들었습니다.\n수술전이나 퇴원시까지의 아이 대해주시는 세심함에 감사드립니다. 물론 수술이야 아주 잘되었고요\n꾸', ' 2018-03-16\n다행입니다\n집에서 멀지 않은곳에 드디어 좋은 병원이 보이네요.\n추위도 가셔서 수컷 아이 수술을 시켰는데 수술이 잘되어 다행입니다. 괜한 걱정을 한거 같네요. 가까운데다가 수술 구성이 좋아서 선택하게 아주 잘한거 같아요. 앞으로 자주 가게될 좋은 병원을 알게되 다행입니다.\n박', ' 2018-03-16\n추천드려요\n참 좋은 병원이라는 느낌이 자연스레 듭니다.\n조금 늦게 남아이 했는데 나이 추가금이 없고 10키로까지도\n추가금이 없으니 일반 병원보다  훨씬 저렴하네요.\n병원 규모도 크고 젊으신 원장님들이 정성도 대단하시구요.\n저는 아주 좋았습니다.,']",5.0,6,"['좋다', '없다']"
19,19,노아동물병원,반려견·반려묘 중성화수술,link,"['\n17년 전부터 다니던 병원이에요\n노아동물병원\n17년 전부터 다닌 병원이에요\n그동한 3번 주변으로 이전하면서 점점 커졌죠 ㅎㅎ\n첫째 키우다 2년 전에 하늘나라 보내고.. 이제 새로 입양해서 중성화도 노아에서 하게되었어요\n저는 이제 근처로 이사했지만 그래도 노아로 다닙니다\n원장님께서 과잉진료도 안하시도 잘 봐주세요 항상\n이번에도 당연히 노아에서 하려고했는데 마침 마이펫플러스에 이있어서 바로 결제하고 수술했어요ㅎㅎ\n원장님 다음달에 셋째 데리고 갈께요\n항상 감사합니다!!\n김', '\n감동이에요??\n우선 다니던 병원은 가격이 조금 쎄서, 고민하다 우연히 마이펫플러스를 알게되었죠! 집근처로 후기 많이 보고 병원 결정하였습니다. 전화로 예약 하고 일주일 뒤인 오늘4/15일 우리 릴리(말티/7개월/2키로) 중성화, 마이크로칩, 유치제거 진행했습니다. 오전 10시 반 예약이어서 조금 일찍 도착했어요! 유치는 송곳니 2개 윗니1개 구입했는데 더 있는것 같다고 하니 보시고 알아서 뽑아주신다고 하셨어요. 대기 하다가 혈액검사하고 11시쯤 맡기고 오후 6-7 시쯤 데리러 오라고 하셔서, 걱정되는 마음으로 집에왔어요. 오후 3:35분에 수술 잘 마치고 회복중에 있으니 6시까지 픽업 가능하다 하셔서 두근두근 하는 마음으로 병원으로 갔습니다! 저녁인데도 병원 엄청 바쁘더군요. 오전도 그렇고 오후도 그렇게 많은거 보니 정말 샘이 잘 하시나보다 싶었어요! 한 20분 넘게 대기하다가 드디어 릴리가 나왔는데 ㅠㅠ 하 마음이 너무 안쓰럽더라고요..그래도 수술 너무 잘 되어서 기뻤어요! 아직은 마취가 덜 깨서 헤롱헤롱 하고 있지만 간호 잘 하고 경과 지켜봐야겠어요! 아 그리고 유치 뽑은게 너무 많아서 놀랬는데..선생님께서 할인 많이 해주셔서 진짜 무료로 뽑다시피 엄청 많이 뽑아주셨어요!! 너무 감동이에요ㅠㅡㅠ 다른곳 같으면 치아만 몇십만원 나왔을텐데 말이에요...간호사 언니분도 설명 잘 해주시고 의사샘도 친절하시고..노아병원으로 결정하기 잘했다 싶어요?? 감사합니다!!! \n여', '\n여리고 여린 아이라 걱정이 많았지만 수술잘되었어요.^^\n애가 너무 여린애라 수술을 해야 하나말아야 하나 고민도 수십번 고민하다가 동네 언니가 키우는 아이가 노견인데 자궁축농증 수술을 하게 되었다는 말에 결심을 하게 되었어요.\n수술을 결정하니 또 병원선택장애가 오네요.\n카페와 인터넷에서 검색만 수일을 보내다가 마이펫플러스를 알게 되었습니다.\n집에서 그나마 가까운 노아동물병원을 선택했고 원장님과 상담하면서 안심이 되었어요.\n경험도 많으시고 수술에 대한 이야기를 아주 편하게 상담해주셔서 수술받는 동안에도 걱정은 했지만 속으로 마음은 편하게 먹을수 있었습니다.\n\n수술잘받고 와서 별탈없이 잘 회복되었고 실밥뽑고 보니 수술부위도 작고 아이도 밥도 잘먹고 잘놀아요.\n감사합니다.\n마이펫플러스 통해 구매하고 내원했음에도 원장님은 너무 친절하게 잘 봐주셨어요. \n추천드립니다. 고민하지 마세요.\n중성화는 필수 선택이고 병원 선택고민되실때 추천드리고 싶습니다.\n임', '\n노아동물병원에서 중성화 수술 받았습니다.\n암컷이라 그런지 몰라도, 인근 병원들은 부르는게 값이더군요. 물론 가격이 큰 문제는 아니지만 병원마다 제각각이라 좀 화가 났습니다. 그래서 인터넷을 통해 정보를 얻고자 검색을 하다가 마이펫플러스를 알게 되었고 노아동물병원이 그리 멀지 않은 곳에 있었습니다.\n\n사실 처음엔 고민이 됐습니다, 가격이 너무 저렴하더라구요, 병원이 어떤 곳인지 아직 정확히 모르는 부분도 있었고\n그래서 상담을 받았는데, 마이펫플러스의 취지가 정말 좋았습니다. 동물병원 비용을 낮춰 유기견.묘 예방의 도움이 되겠다는 취지요.\n\n그래서 구매하고 병원에 방문했는데, 원장님이 정말 경험이 풍부하시다는게 상담 해주시면서 느껴지더라구요. 이것저것 잘 설명 해주시고 어떤식으로 진행되는지도 잘 알려주셨습니다.\n\n수술 끝나고 저녁에 데리러 가면서도 기분이 좋았습니다. 여러모로 정말 좋은 병원이였습니다.\n예방접종 같은 것도 노아에서 이용할 예정입니다.']",4.9,4,"['많다', '좋다']"
20,20,우리동물병원,반려견·반려묘 중성화수술,link,"['\n암컷 중성화+스케일링 후기\n안녕하세요 우리동물병원에서 암컷중성화 진행했습니다. 우선 저희 강아지 아파하는거 보면 속상할 것 같아서 무통주사 포함된 프리미엄으로 선택하고 스케일링 함께 진행했습니다.\n제가 평소에 걱정이 너무 많은 편이라 심하게 걱정했는데 원장님이 본인 실력에 대한 자부심이 많이 느껴져서 믿고 저희 강아지 맡겼습니다. 결과적으로 수술은 깔끔하게 잘 되었고요. 스케일링한 이도 깨끗해졌습니다.\n\n좀 멀어서 차를 가지고 갔는데 주차장이 넓어서 참 좋았네요 다만 주차비가 발생합니다 참고하셨으면 좋겠어요~그래도 그렇게 비싼 주차비는 아니었기 때문에 감당 가능했습니다\n이', '\n강아지 수컷중성화!\n강아지 세마리키우고있는 몽이아빠입니다.\n처음에는 수술비가 저렴해서 고민했는데!\n오히려 고민한게 미안할정도로..\n원장님께서 설명도 잘해주시고 수술도 깔끔하게 잘돼서\n좋았어요.\n원장님 감사드립니다!\n앞으로도 우리 몽이 잘 부탁드려요^^']",none,2,"['좋다', '깔끔하다']"
21,21,하니동물병원,반려견·반려묘 중성화수술,link,"[' 2020-04-28\n감사합니다\n포메 남아 11개월 1.7kg 수술했고\n????유치 같이 발치했습니다~\n작은 아이라 걱정했는데 수술후 잘회복하??고\n??????마킹이나 마운팅도 많이 줄었어요 \n의사선생님 친절하시고 울 겁쟁이 달이 수술 잘 해주셔서 너무 감사합니다 \n이', ' 2020-03-26\n암컷고양이 중성화 수술~\n좀 지났지만 후기 씁니다~ \n궁금한 부분도 잘 설명해주셔서 넘 좋았어요~! \n지금은 건강하게 회복하고 잘 뛰놉니당~ ^^\n감사합니다~!:)\n김', ' 2020-03-12\n장모치와와 여아 중성화 수술했습니다??\n고민고민하다 48개월에 중성화수술을 했어요ㅠㅠ\n간단한 수술이라지만 만에하나 잘못될까봐 수술을 망설였는데..\n중성화 수술 안했을시 자궁 및 생식기 질환 확률이 높아진다기에 더 늦기전에 하는게 낫겠다 싶어 수술을 결정했어요ㅠㅠ\n수술전에 설명도 잘 해주셨고, 수술도 잘됐고, 상처도 안크게 깨끗히 잘 아물었어요^^\n수액 항생제 투약하여 별도 항생제 복용안해도 되서 좋았어요. (수술후 매일 포타딘 드레싱만 하면 됏어요-> 소독액은 주시나 거즈는 안주니 미리 준비해두는게 좋을것같아요. 여분의 붕대도 하나 미리 구비해두시면 좋을것 같아요^^) \n부작용 없이 수술 잘 되서 너무 만족합니다.\n김', ' 2020-03-11\n친절하시고 꼼꼼하셨어요\n시간이 도저히 안되서 직접 못갔는데도 굉장히 친절하게 설명해주시고 전화해서 또 설명해주시고 아침에 맡기고 밤에 데리러갔는데도 기다려주셨어요\n근데 금액 추가해야 후처치 안해도된다고 하셔서 좀..\n자세한 안내가 나와있으면 그걸로 선택했을텐데..\n어플 문제인지 좀 아쉬웠구요\n넥카라도 별도 구매여서 좀 당황스럽긴했습니다\n 최', ' 2020-03-11\n추천드려요\n냥이 여아랑 남아 수술했습니다\n수술 전이랑 후 설명 잘해주셨구요\n남아도 같이 프리미엄으로 했는데\n수액주사 맞아서 약 안먹어도 되서 좋았구요\n당일에도 잘 놀았어요\n둘다 잘 회복하구 건강히 잘지내고있습니다:)\n \n\n\n\n\n\n 이', ' 2020-02-28\n선생님 너무 친절하고 수술도 완벽했습니당.!\n저희집 강아지 감자가 많이 작고 예민한데\n선생님이 자세히 설명도 해주시고 여러본 물어보고 귀찮게 했는데도 너무 친절하게 잘 해주셨습니다.\n그리고 실밥 제거까지 완벽하게 해주셨어요!\n한달 지나니까 지금 흉터도 아예 없고~ 수술하고 이틀? 지나니까 다시 활발하게 잘 놀았습니다!\n감사합니다^^\n반', ' 2019-11-08\n추천해요~~~\n여자아이라 고민하다가 했는데\n선생님 친절히 설명해주시고\n아이를 안심시켜주시는 모습이 너무 좋았어요~\n수술자국도 엄청작아서 회복기간도 빠른것같아요~\n선생님이 수술 잘해주신 덕분에\n별탈없이 건강합니다~~~~\n이', ' 2019-09-27\n친절하고 꼼꼼하게 수술 잘해주셨어요!\n암컷 고양이 중성화가 수컷보다 아이가 많이 힘들다고해서 잘하는 곳으로 알아보던 중 발견했는데 다른 동물병원 대비 10만원 이상 저렴한것에 비해 수액도 오래놔주시고 수술전후 설명과 조치까지 친절하고 상세하게 알려주셨어요. 아이가 개월수대비 작은 편이라 걱정이 많았는데 무사히 수술 해주셔서 감사해요. 상처부위도 크지않고 덧나는것 없이 잘 아물고있어요:-) 추천합니다!!!\n송', ' 2019-09-26\n완전만족해요\n일단 쌤이 너무친절하시구 좋았어요!\n울두부 중성화 하기전에 간수치가 좀 높긴했지만 그래도 수술잘해주신 덕분인거같아요\n추가금 약이랑 이빨뽑는거까쥐 약간부담되었지만 저는진짜 대만족이에용 감사합니다!!\n귀찮으실수도 있는데 제가 질문하는것마다 너무 친절하게 답변을 다해주시구 넘친절하셨어요~\n이', ' 2019-09-19\n수술 잘하였습니다ㅣ\n무뚝뚝한듯한 선생님이신듯 하지만 하나 물어보면 열개알려주심  수술 잘 됬고요  절개부위는 1센치 정도되요\n\n정', ' 2019-08-20\n너무 만족해요♥\n봄이 중성화 수술 후 주의사항에 대해서 설명도 잘해주시고, 추후에 이런저런걸로 전화해서 문의도 많이드렸는데 매번 친절히설명해주셔서 너무감사했습니다.\n봄이가 자꾸 넥카라를 벗어제껴 핥는통에 실밥 푸르고 몇일 더 넥카라를 했지만 지금은 깨끗하게 아물었어요.\n중성화 걱정이였던부분이 한결가벼워졌습니다.\n감사합니다.^^\n홍', "" 2019-07-30\n신경 많이 써주셔서 감사합니다!\n후기 찾아보다가 멀리까지 간 건데\n진짜 후회 안해요\n아이 수술도 너무 잘 됐고 실밥도 잘 뽑았고\n수술 마무리 잘 지었어요\n아주 저렴하기도 했구요\n정말 감사합니다\n예방접종도 앞으로 여기로 다닐까봐요\n엄청 친절하시고 아이를 사랑으로 대해주시네요\n마이펫플러스 2019-07-30 15:47\n안녕하세요. 마이펫플러스 입니다.\n\n★ 마이펫플러스 후기 이벤트 참가 방법 ★\n1. SNS, 블로그, 카페, 커뮤니티 등에 이용한 업체에 대한 솔직 후기 작성!\n2. 마이펫플러스 로그인 > 이용한 상품 구매평 > 간단한 후기 + 해당 URL 남기기!\n3. 익월 15일 이후. 당첨자 공지글에서 내 이름 확인하기! (100% 당첨)\n- 주의사항 : SNS등에 후기글 남길 때, '마이펫플러스'를 통한 구매임을 꼭 밝힐 것!\n\n저희 마이펫플러스는 동물병원 비용이 부담스러워 제때 치료받지 못하고 방치되거나 유기되는 동물의 숫자를 줄여보자는 취지로 운영되고 있습니다.\n그러나 대다수의 동물병원들(특히 지방 쪽)이 할인된 비용을 공개하기를 꺼려하며, 마이펫플러스에 입점 자체를 거부하고 있습니다.\n마이펫플러스가 더욱 힘내서 열심히 할 수 있도록 보호자분들의 응원의 힘을 보태 주세요!!\n저희 마이펫플러스를 위한 보호자분들의 응원이 필요합니다 :)\n\n"", ' 마이펫플러스의 역할\n1. 바가지 요금 걱정 NO! 동물병원 별 합리적이고 저렴한 가격 비교 가능!\n2. 연륜과 경험이 풍부한 원장님들의 입점! 비용은 낮게, 의료 퀄리티는 높게!\n3. 수술 프로세스 투명 공개! 전 프로세스 사전 확인 가능!\n\n< 서울시 수의사협회, 마이펫플러스 제휴병원에 탈퇴 협박공문 관련 기사 >\nhttp://imnews.imbc.com/replay/2019/nwdesk/article/5139042_24634.html\n\n동물병원 비용을 합리적인 기준으로, 유기견 유기묘 예방의 기초를 만들어 가는\nNO.1 반려동물전문소셜 마이펫플러스가 1000만 반려인과 반려동물의 권리를 지켜갑니다.\nwww.mypetplus.co.kr\n최', ' 2019-04-09\n중성화수술 잘 받았습니다~~\n7개월말티즈여아수술 잘받았어요~~\n겁이 워낙많아서 많이 힘드셨을텐데~지금은 상처하나없이 잘 지내고 건강하게 잘 지낸답니다~~\n동네에 이런병원이 있어서 참 좋네요~^^\n친절하신간호사샘 넘 감사해요~~자기 아이처럼  달래주시고 ~의사샘도  넘 친절하게 설명잘해주시고~~저렴하게 수술도 하구~ㅎㅎ\n울 난이 지정병원으로 해야겠습니다^^\n백', ' 2019-03-14\n코숏 여아 중성화 잘 됐어요\n9개월 코숏여아 수술 잘 받았습니다.\n아직 학생 신분이라 중성화 비용이 조금 부담스러워\n비교적 저렴하면서 믿을만한 곳을 찾았는데 잘 선택한 것 같아요.\n저희 야옹이가 겁이 많은데 계속 달래주셔서 별 탈 없이 진료도 잘 받았습니다.\n수술 후 회복도 잘 되어서 사방팔방 신나게 뛰어놀고 있어요. 감사합니다^^\n김', ' 2018-12-13\n정말 감사합니다!!!\n저희 아이가 잠복고환이라서.. 솔직히 수술 비용이 제일 부담이 컸어요..!! 둘째 남아가 잠복고환이었어서 거의 50만원 넘게주고 수술을 시켰었는데 여기는 정말 그 반도 안되는 가격에 했고.. 게다가 의사분도 정말 친절하셨구요! 잠복고환이라서 수술시간도 오래걸리고 힘드셨을텐데 아이를 생각해주시는 말씀도 정말 감사하더라구요! 정말 감사하고 고생 많으셨어요!!!! \n최', ' 2018-11-23\n코숏 여아 중상화했습니다\n저희 고양이가 겁도 많고 소심하고 고집도 좀 부리는 편이라 걱정했는데 선생님이 냥이 안심 잘 시켜주셔서 감사했구요. 수술부위도 잘 아물어서 만족합니다. 마이펫플러스로 알게된 병원인데 앞으로도 종종 갈 것 같아요~!\n안', ' 2018-09-14\n조금 늦은 나이에 중성화 시켰어요~\n중성화 때를 많이 놓쳐서 걱정했는데 원장쌤이 친절하게 설명도 잘해주시고 수술 전에도 수술 후에도 너무 잘 봐주셔서 좋았어요~ 우리 아기 수술도 잘했답니다. 감사해요 ^^\n최', ' 2018-07-13\n만족해요\n푸들 8개월 여아  3일날 중성화 수술 여기서 했어요.\n아이가 저한테 오기전에 2번이나 파양되는 바람에 조금 늦게 한 편이에요.\n원래는 7개월 때 했어야했는데ㅠㅠ\n\n집에서 10분거리라서 일단 가깝고 비용도 너무 저렴하게 했는데 \n선생님도 너무 친절하시고 난소가 다른 아이보다 작은편이라 시간이 조금 더 걸리셨다면서 \n자세하게 직접 적출물 보여주시면서 설명해주시더라구요.ㅎ\n\n하루,이틀정도 아파하더니 3일째부터는 아주 날라다니다가 그새 열흘 지나서\n오늘 실밥 풀으러 다녀왔는데 덧나거나 그런것도 없이 잘 아물었네요.\n\n친구나 지인들한테도 추천해주려구요.\n\n요즘에 이름있고 유명한 병원보다는 작지만 꼼꼼하시고 친절하시고 과잉진료 없고 훨씬 좋은 것 같아요.\n감사합니다.\n박', ' 2018-05-16\n페르시안친칠라 여아 중성화수술후기\n우연히 알게된 마이펫플러스 저희동네 근처도 몇군데 있어서 어찌나 반갑던지요\n24개월인 우리 냥이 새끼를 낳으려고 계획하다 여의치않아 중성화수술을 결심했는데\n병원을 어디로 선택해야할지도 막막하고\n중성화수술시기도 너무 늦어버렸다는것도 알게 되니 마음이 조급해지더라구요\n비용도 만만치않 고해서 카페검색을 하던 중 알게된 마이펫플러스 정말 너무너무 좋은 취지여서 더 안심이 되었어요\n선생님께서 친절하시고 설명도 자세히 해주셔서 믿음이 배가 되었구요\n회복도 빠르고 수술이 잘된 것 같아 너무 기뻐요\n수술한지 한달이 다되가는데 수술자국도 보이질않아요~^^\n수술 잘해주셔서 선생님 감사드립니다~\n유', ' 2018-04-19\n잘 받았어요\n수컷 강아지 저렴한 가격에 프리미엄 중성화 수술 잘 받았어요 의사쌤 정말 친절하셨습니다\n문', ' 2018-01-06\n7개월 푸들 중성화 잘 끝냈습니다.\n너무나 친절하시고, 설명 잘 해주시는 의사선생님 덕분에\n수술은 물론이고 회복까지 넘나 깔끔하게 잘 끝났습니다. 감사합니다! 가루약 먹이는 꿀팁도 알려주셔서, 잘 사용할 예정입니다.ㅎㅎ\n한', ' 2018-01-02\n강추합니다.\n정말 착한 가격에  맘에 들고, 수술후 아이 회복도 금방되었네요. 이렇게 친절하신 원장님이 또 계실지. 강추합니다.\n오', ' 2017-12-30\n8개월 고양이 중성화했어요!\n겁도 많고 여린 아이라 첫 수술.. 정말 걱정 많이 했어요. 가격이 부담돼서 좀 더 저렴한 병원을 찾고 있으면서도 다른 병원에 절반 가격이니 대충해주진 않을까란 생각도 들었거든요.\n하지만 수술 후 (주인이 하는 걱정을 다 아시는 것처럼!) 수술 잘된 것 확인 시켜주시고, 집 돌아가서 있을 수 있는 돌발상황, 주의사항 하나하나 상세히 설명해주시고,  \n우리아이 수술 후 마취에서 깨는 것까지 신경써주시고 심지어 우리아이가 수술 후 이동장에 들어가다 실수로 쉬야를 좀 많이... 했는데 직접 휴지로 쉬야 받으면서 ""괜찮아 괜찮아~"" 다독여주시는 것을 보고 정말 감동받았습니다!!\n저렴해서 대충 봐주진 않을까 걱정한 제가 죄송하고 부끄러웠네요 진짜...ㅠ \n집에서 가까운 거리는 아니지만 혹시나 병원 갈 일 있으면 하니병원 가려 합니다..  \n(애기 마취에서 깨려면 3시간은 있어야 된다며 3시간 뒤에 전화주면 오시라고 주차권 두 장도 챙겨주셨습니다.)\n5점 만점에 10점 드립니다!\n\n마지막으로 선생님 정말 감사합니다♡ 병원비 부담으로 애기 병원에 못 데려갈 일은 없을거 같아요ㅠㅠㅠ \n정성스러운 치료 감사합니다!♡\n코', ' 2017-12-28\n중랑구에 하니동물병원\n병원도 깔큼하고 친절하게 설명해주시는 원장님도 좋으세요.\n후처치까지 완벽하게 울애기 건강한 생을 위해 잠깐의 불편함을 선택한거 잘했다는 생각입니다.\n작은애도두달정도 있다가 수술할생각입니다. 추천드립니다.\n제', ' 2017-12-07\n위치도 좋고 주차하기도 편해요\n마트에 있진 않지만 바로 옆이 마트라\n마트에 주차하고 동물병원에 맡겨놓고\n볼 일 보고 편하네요\n남양주에 사는데 오기도 편하고\n병원도 크고 깔끔하고 선생님도 친절해서\n여러모로 괜찮았어요\n양', ' 2020-03-13\n수술 끝!\n의사선생님 츤데레st\n잘해주셔서 2마리 고양이 중성화 잘 마쳤습니다.\n\n잘 아물어서 지금은 날아다녀요.\n근데 회복이 되는기간이 길어서 주인이 괴롭습니다.\n\n다른데보다 가격저렴해서 의심됐는데, 퀄리티는 다른데 못지않습니다. 다만 녹는실로 수술이 가능했다면 좀 더 편하지않았을까 생각듭니다.\n박', ' 2018-12-17\n중성화수술실패했어요\n코숏남아입니다\n예약후에갔는데가서보니잠복고환이더군요\n추가금내고하기로했는데두군데열고도근육속에있어서\n못하겠다고마무리지으셨네요  수술전에쓰담으며진정시키고하는모습에참맘이놓였었는데 수술이다완료되지못하고상처만남기고와서맘이너무안좋습니다 수술비도129000원쿠폰쓰고바보처럼\n추가5만원까지내고왔어요 선생님은친절하셨지만울냥이는여전히스프레이하며지내고있네요 수술실밥도풀러가야하니당장또수술할수도없고미칠노릇입니다 고생하셨을선생님을이해하지만\n추천하고싶지는않습니다']",4.9,28,"['친절하다', '좋다']"
22,22,서교동물병원,반려견·반려묘 중성화수술,link,['\n다음에 또 예약예정입니다~~강추!!\n저희 포메 다른데는 비만이라 마취부담 있어 스케일링 잘 안해주시는데 거절안하고 바로 핸드스케일링으로 깔끔하게 치료해주셨어요 감사요~~마취를 안하는 이유도 이해할수 있게 자세히 설명해주셨고 장모치와와도 데려갔는데 눈에 난게 체리아이 같다고 설명해주셨어요 (증상/약효능 등등) 깔끔한 진료/합리적인 비용/친절한 서비스~강추입니다'],none,1,"['깔끔하다', '친절하다']"
23,23,카카오N동물병원,반려견·반려묘 중성화수술,link,"[' 2020-05-13\n중성화 수술 [후기등록 URL]\n처음 간 병원 인데 강아지가 선생님 보면서 꼬리 살랑살랑 치면서  선생님과 금방 친해지는거처럼 보이긴 했어요 강아지 이뻐 해주는 모습이 좋았어요\n아이 수술 잘 마치고  안에 들어가 있는 모습 보는데 안스럽고라고요 ㅠㅠ 안에서 오줌을 샀는지 손발이 다 젖어 있어서 좀 속상하긴 했지만 간호사 샘이 놀래서 바로 닦아 주시더라고요 \n견(묘) 종 : 토이푸들\n나이 :5개월\n몸무게 :2.46\n암수 :수컷\n거주지(시/구) : 성북구\n윤', ' 2020-02-19\n중성화는!!카카오\n고양이 키우는 집사입니당 !\n중성화수술 첫날 너무아파해서 걱정됬는데\n언제 무슨일이잇엇냐는식으로 이틀날부터\n잘뛰어댕기고 밥도잘먹네요ㅎㅎ\n수술시 깔끔하게잘되어서 기분이좋네요!\n원장님도 간호사님들도 다들 친절하셔서\n저희 첫째 둘째 딸랑구들도 이병원이용할것같아요!!\n 하', ' 2019-07-30\n막둥이 중성화 :)\n첫 발정 전에 중성화를 해줘야 한다는 이야기를 들었어요\n원래 중성화를 하는 게 애한테 못할 짓이라고 생각했는데\n여기저기 글을 읽어보니 애기 건강을 위해서 해줘야겠더라구요\n\n7월 초에 예방접종 다 끝내고 드디어 중성화 해줬습니다 ㅎㅎㅎ\n집에 와서 처음엔 약간 뚱하더니 이제는 또 활발하게 잘 노네요 ㅎㅎㅎ\n밥도 잘 먹는 걸 보니 수술이 잘 된 것 같아요\n감사합니다^^\n강', ' 2019-03-04\n대형견 중성화\n몸무게 20kg 리트리버 숫놈 중성화수술 받았습니다.\n\n덩치가 있는 놈이라 마취제 추가 비용이 발생했지만..\n\n원장선생님이랑 간호사 분들 모두들 친절하시고 수술도 잘 끝난 것 같습니다.\n\n수술받은지 2틀지났는데 벌써 정상 컨디션을 회복했는지 잘 놀고 잘 먹고 잘 싸네요..^^::\n\n실밥도 녹는 실밥이라 굳이 문제생기지 않으면 따로 다시 방문할 필요도 없다고 하시구요..\n\n무슨일 있으면 아무때나 연락달라고 하시네요..\n\n간 김에 애견 등록까지 일사천리로 끝냈습니다......요기 강추합니다..^^\n\n\nhttps://cafe.naver.com/yesdog/182001\n강', ' 2019-03-04\n대형견 중성화\n몸무게 20kg 리트리버 숫놈 중성화수술 받았습니다.\n\n덩치가 있는 놈이라 마취제 추가 비용이 발생했지만..\n\n원장선생님이랑 간호사 분들 모두들 친절하시고 수술도 잘 끝난 것 같습니다.\n\n수술받은지 2틀지났는데 벌써 정상 컨디션을 회복했는지 잘 놀고 잘 먹고 잘 싸네요..^^::\n\n실밥도 녹는 실밥이라 굳이 문제생기지 않으면 따로 다시 방문할 필요도 없다고 하시구요..\n\n무슨일 있으면 아무때나 연락달라고 하시네요..\n\n간 김에 애견 등록까지 일사천리로 끝냈습니다......요기 강추합니다..^^\n성', ' 2018-07-28\n고양이 암컷 중성화\n수술 두달 째입니다! 수술자국 전혀 안남았고 너무나도 건강하게 잘 지내고 있어요.\n감사합니다\n신', ' 2018-07-25\n원장님 실력이 확실히 좋은가봐요\n원장님도 당당하시고 수술 정말 잘하시나봐요\n꼬맨자국도 깔끔하고 회복도 빠르네요 좋은가격에 좋은 병원 감사합니다ㅎ\n상', ' 2018-01-08\n추천해요\n여기 병원은 진짜로 추천합니다.\n가격싸고 원장님 친절하고 수술도 잘되었는데 어떻게 추천 안할수 있을까요\n유', ' 2018-01-02\n추천 추가요\n생각보다 금방 수술이 끝났어요. 아주 마무리까지 잘 되었다 하시네요. 하루 지나자 마자 깨방정부리고 완전 회복된듯해요. 좋은 가격이 참 훌륭합니다.\n장', ' 2017-11-20\n스켈링직접 찾아본결과\n원장님도 양심적이고 가족강아지처럼 이빨을 깨끗하게\n잘해주셨네요. 믿고 맡겨도 될병원입니다!\n계성고등학교 정문앞에 왼쪽상가에있네요!\n김', ' 2017-11-11\n고양이암컷 중성화수술\n수술 잘 해주셔서 감사합니다^^\n♥', ' 2017-11-08\n좋아요♥\n수술도 잘 됐구요,\n진찰실, 수술실이랑 가까워서 안심이 됐어요\n딩', ' 2017-10-27\n기까운데 생겨서 너무 좋네요\n계속 보기만 하다가 가까운데 언제 생기나 했는데\n드디어 생겼네요 ㅎㅎ\n원장님도 친절하시고 저렴하게 잘했습니당 \n추천드려용']",none,13,"['좋다', '친절하다']"
24,24,교대동물병원,반려견·반려묘 중성화수술,link,"[' 2019-01-04\n수술 잘 됐어요\n다른 애들보다 수술을 늦은 나이에 한 편인데 수술도 잘 됐고 잘 아물고 있어요.\n김', ' 2017-10-27\n좋아요\n친절하고 저렴하고 완전 일석이조~!\n이', ' 2017-10-26\n잘됬어요\n수술도 잘되고 우리 댕댕이도 쌩쌩하고 원장님도 친절하고 아주 만족합니다\n숙', ' 2017-10-18\n좋아요\n병원도 깨끗하고 참 친절하신데가 가격이 짱..\n김', ' 2017-10-18\n아주 만족합니다.\n아주 만족했어요\n밍', ' 2017-10-18\n아이가 둘인데 아주 좋네요\n밍키하고 동이 둘다 했어요.둘이니까 훨씬 비용도 절약되서 오는길에 아이 옷도사고 간식도 사고.. 기분 좋네요']",none,6,"['좋다', '만족']"
25,25,리오동물병원,반려견·반려묘 중성화수술,link,"[' 2020-04-29\n중성화수술\n처음가는병원이라이것저것떨리는것도많고그랬는데원장선생님께서차분하게설명도잘해주시고편하게대해주셔서정말편했어요 다행히우리애기수술도무사히잘끝나고수술후지금도회복완전좋네요!!!짱짱 너무좋아요~~잠실에있는병원 너무너무추천합니다!!  이제스켈링이나이런것들도여기서받아야겠어요~!! \n김', ' 2020-01-16\n중성화수술 너무 만족해요 감사합니다 원장님\n2019.06.01 년생 여아 러시안블루 \n비글냥이 중성화수술 하였습니다.\n\n수술은 12월에 했는데 이제야 후기를 쓰네요 \n수술이 너무 잘되어서 감사한마음에 후기 씁니다. \n원래 후기 잘 안써요ㅎㅎ\n저렴한 가격에 너무 수술이 잘되어서 ^ㅡ^\n\n저희냥이가 굉장한 비글냥이인데\n중성화수술후 우울해서 기운이 없다고들 하는데\n바로 기운차리고 놀더라구요..\n실밥이 풀릴까봐 조마조마 했는데 역시나 일주일뒤에 실밥이 풀렸지만\n다행히 잘 아물어서 괜찮았습니다.^^\n\n원장님 수술 정말 잘해주셔서 감사합니다 번창하세요\n한', ' 2019-01-07\n너무좋아요\n수술 비용도 저렴하고 수술 부위도 잘 아물고 있습니다~\n양', ' 2018-06-09\n친절하세요\n저번주에 수술했습니다\n이것저것 궁금한게 많아서 질문도 친절하게 답해주시고\n역시 전문가라는 느낌이 많이 들었습니다 ~\n마이펫플러스 2018-06-11 17:12\n안녕하세요. 반값동물병원실현을 통해 유기견 유기묘 예방의 기초를 만들어가는 마이펫플러스입니다.\n\n상품구매는 반드시 마이펫플러스에서 구매해서 쿠폰번호를 받아 병원예약후 이용해주시기 바랍니다.\n\n마이펫플러스에서 상품을 구매해주시지 않으면 저희 마이펫플러스의 존재가치가 없습니다.\n\n마이펫플러스가 동물병원의 진료상품을 합리적이고 저렴한 가격으로 보호자분들이 이용하실수 있도록 많은 동물병원들의 입점을 위해 발로 뛰고 있습니다.\n\n마이펫플러스의 결제를 해주실때마다 큰 응원의 힘을 주실수 있습니다.\n\n우', ' 2017-11-06\n수술경력 많으실 것 같아서 했어요\n중성화센터에 있는 병원이라\n아무래도 중성화 하나는 잘 하실 것 같아서 했구요\n수술은 역시 잘됐어요 추천입니다\n주', ' 2017-10-17\n믿음직스러워요\n선생님께서 편하게 잘 대해주시고 우리애기 사랑스럽게 잘 봐주시고 전문가포스가~~ 수술도 잘되고 너무 좋아요']",none,6,"['많다', '좋다']"
26,26,고덕24시동물병원,반려견·반려묘 중성화수술,link,"[' 2020-04-21\n완전 감동그자체예요 [후기등록 URL]\n저번에도  이용해보고 너무좋아는데\n또 한번 이용해보니 더좋아져서  정말 좋더라구요 \n병원 선생님이  너무친절하시고  저희 아기도  세심하게  챙겨주시고  중성화수술  만했는데   피부병 있다고 무료로  약 주시고 신경써 주셔서  너무너무 감사했습니다 \n간호사선생님 도 완전친절하시고  너무너무   좋았습니다\n강동구 근처사시는 분들은  꼭 추천합니다\n이', ' 2020-03-11\n냥이 중성화\n한달 반 전쯤 수술했는데 다들 친절하셔서 울 애기 맡기고 중성화 잘 했어요. 절개부위 약 5mm정도 되고요 잘 아물었어요ㅎㅎ 우리 애기가 수술 하고 바로 날아다녀서 걱정이 많았는데 염증없이 잘 나았고 지금은 수술 전 밀었던 털도 부숭부숭 나고있어요ㅎ 수술은 처음이고 워낙 예민한 애기라 선생님들이 고생 많으셨네요. 가격도 합리적이고 수술 전후 케어도 적당한거같아요 \n이', ' 2020-03-05\n고덕24시동물병원\n초보집사인데 설명도 친절히 해주시고\n\n수술 후 카톡문의에도 답장주셔서 불안한마음을\n\n덜었었습니다  지금은 잘 아물어서 성묘로 벌써 잘\n\n컸어요 ^^ 손님이 엄청 많아요.  원장님 실력이 좋아서 \n\n그런것 같아요. 고양이도 강아지도 인산인해를 이루더라는 ㅎㅎㅎ\n안', ' 2020-02-17\n저렴한 가격에 이용\n원래 예방접종 맞히러 다니던 병원인데 이런 좋은상품까지 있어서 중성화 수술까지 잘 끝냈습니다.\n수술 전에 미리 예약잡고 주말 오전에 수술 시작했으나 마취가 늦게 풀리는 바람에 저녁늦게 데려왔네요 \n수술도 다 만족스러웠으나 한가지 아쉬운 점이 있었다면 디테일한 사항들 (수술부위는 실로 꼬매지 않고 접착식으로 진행, 다리 부분에 감긴 붕대는 언제 빼는지, 항생제는 따로 먹일 필요가 없는지?) 도 같이 안내를 해주셨으면 좋았을 것 같습니다.  \n 이', ' 2020-01-28\n중성화수술\n원장선생님께서 굉장히 신중하시고\n꼼꼼하셔서 처음해보는 중성화수술을\n깔끔하게 잘 마칠수있었어요\n가까운데 이렇게 믿을수있는\n병원이 있다는 걸 마이펫 플러스를\n통해 알게 되어서 정말 좋아요\n윤', ' 2020-01-24\n좋아요\n첫아이도 둘째도 다 이곳에서 했는데요 두녀석다 수술잘해주셔서  항상 고마운 곳입니다( 참고로 첫아이는 여자아이 이구요 둘째는 남자 아이입니다) \n신', ' 2020-01-21\n덕분에 정말 잘됐습니다!\n걱정 정말 많이하고 온갖데 다 알아보고..\n원장님이 더 까다롭다는 고양이 수술 경험도 많고 경력도 엄청 좋으신거같아서 멀지만 여기로 선택했어요~ 간호사분이 약을 안챙겨줘서 밤에 차로 왕복 다시 갔다오긴 했지만..;; 수술은 진짜 잘됐어요 벌써 흔적이 거의 없네요\n류', ' 2020-01-16\n피하잠복과 유치발치\n피하잠복고환이고 유치발치도 했어요.\n아무래도 아이에게 호흡마취가 좋을 듯해 호흡마취 저렴한듯해 바꿨어요^^\n류', ' 2020-01-16\n피하잠복\n피하잠복이라 많이 걱정했는데 수술 부위를 작게 절개해서 쉽게 아물었고 지금은 회복되어 날라다녀요^^\n병원도 깨끗하고 문의 플친으로 톡드림 친절하게 답해주세요^^\n류', ' 2020-01-14\n피하잠복\n피하잠복고환 추가금액도 너무 착해요~~^^\n원장쌤 의사쌤 간호사쌤 모두 친절했구요~\n수술부위도 워낙 작아서 잠복고환 쪽은 금새 아물었어요~\n조', ' 2019-11-13\n친절하세요!!\n의사쌤도 그렇고 간호사 언니들도 다 친절하셨어용! 처음가본곳에서 수술한거라 리뷰 꼼꼼히 보고 갔었는데, 잘 한것 같아요 여기서!! \n박', ' 2019-10-30\n믿고 가는 병원\n후기가 늦었습니다.\n원래 다니는 곳인데 마이펫플러스에 있는거 보고 구매해서 했어요~ 항상 친절하시고 자세히 설명해주시는 원장님이셔서 믿고 다닙니다! \n이제 둘째 중성화하려고 또 구매하려구요~\n우', ' 2019-07-17\n수술 잘 받았습니다!!\n저렴한 가격에 아기 수술 잘 받고왔네요\n친절하고 상세한 설명 너무 감사해요~~\n마이펫플러스랑 고덕24시동물병원 둘 다 많이 홍보하고 다닐게요~~\n마이펫플러스 2019-07-17 14:03\n안녕하세요. \n합리적인 동물병원비용의 기준으로 유기견 유기묘 예방의 기초를 만들어가는 마이펫플러스입니다. \n\n앞으로도 마이펫플러스를 많이 응원해주시기 바랍니다.\n\n마이펫플러스 이용하신 후 후기글 작성 시 선물 증정. (100% 모든분께 드림)\n\n이용하신 업체에 대한 후기글을 sns나 블로그 카페 커뮤니티 등에 정보공유 해주시고,\n해당 글의 URL을 간단한 구매평과 함께 마펫에서 이용하신 업체 상품 구매평에 후기로 남겨주시면 선물을 보내드립니다^^\n\n저희 마이펫플러스는 동물병원비용부담으로 제때 치료받지 못하고 방치되거나 유기되는 동물의 숫자를 줄여보자는 취지로 운영되고 있습니다.\n그러나 아직은 많은 동물병원들이 가격공개와 가격인하에 대해 거부감이 많아 병원제휴에 어려움이 있습니다.\n특히나 지방 쪽 병원들의 협조가 쉽지 않아 제휴가 많이 더디고 있습니다.\n마이펫플러스가 더 노력하고 열심히 할 수 있도록 보호자분들의 응원의 힘을 보태 주시기 바랍니다.\n\n', ' 마이펫플러스 이용방법\n\n상품 구매 후 상품 인증번호와 병원 전화번호 문자 확인, 전화 예약 필수!\n(평일 최소 내원 2-3일 전, 주말은 1-2주전) \n\n만약 수술불가 및 단순 변심이라도 상품구매 30일내 1:1문의로 환불요청주시면 100% 환불가능합니다.(병원상품에 한함)\n수술비용은 마이펫플러스에서 구매했을때 특별한 사항이 없는한 추가비용없이 이용가능한 금액입니다.\n수술부위가 다르거나 검사 및 상담 후 수술 보류, 추가처치 및 검사, 약처방일수 등 추가사항이 있을 경우 비용은 별도 발생할수 있으며 보호자 동의하에 진행됩니다. \n\n마이펫플러스가 있어서 가능해졌습니다!\n\n1. 합리적이고 저렴한 동물병원 가격비교&구매하고 병원 예약후 이용\n2. 연륜과 경험이 풍부한 원장님의 진료로 가격은 낮게 의료퀄리티는 높아졌습니다.\n3. 바가지 요금 걱정NO! 투명한 수술 프로세스 사전 확인 비교!\n수술비가 저렴하다고 수술을 대충해주거나 저가 재료를 쓰지 않습니다. \n4. 병원결제NO!\n마이펫플러스에서 구매해주실 때 마이펫플러스 사이트가 유지될 수 있습니다.\n진', ' 2019-05-09\n잠복고환 중성화수술 후기\n강아지가 잠복고환 있어서 중성화수술이랑 같이 해줬네요..\n수술 전에 기초+혈청검사 해줘서 좋았구요 호흡마취로 진행했는데 수술이 잘 끝나서 좋구여~ 후처치도 깔끔하고 가격도 저렴하게 이용해서 만족스럽네여:)\n\n이렇게 좋은 사이트 사람들이 잘 모르니 안타깝네요 \n주변 사람들에게 많이 홍보할테니 번창하세요ㅎㅎ  \n김', ' 2019-05-02\n괜찮네요~.\n코숏 남아 중성화수술 해줬어요~\n스케일링도 같이 해줬는데 좋네요~~\n수술부위도 작고 깔끔해서 마음에 들었어요\n서', ' 2019-02-09\n추천해요\n전 마이펫을 처음 접해봐서 걱정이 많았어요 근데 원장 선생님께서 너무 친절하시고 잘 돌봐주셔서 너무 좋았어요 추천합니다 ㅎ\n장', ' 2019-01-18\n고양이중성화 안심하고 받으세요.\n언제나 든든하게 병원을 지켜주시는 원장님이 계셔서 저희집 나나의 건강은 걱정이 없어요.\n젊으신 원장님께서 저희 아이 중성화 수술  잘해주셨어요.\n간호사 선생님들도 항상 친절하시고요. \n좋은 병원이 저희집 근처에 있어서 행운이지요. \n\n작은아이 다루듯이 부드럽게 아이들 진료를 봐주세요. 설명도 자세히 해주시고요. ^--------^ 걱정마시고 원장님께 중성화수술 받으셔요~\n나', ' 2018-08-03\n선생님 완전 친절\n오늘 병원가서  수술했는데  선생님친절하시고  좋았어요 \n여기가 유명한지  손님이 많아서  조금 힘든것  빼고  간호사 분들도 친절하고   좋았어요 \n마이펫 플러스 넘좋아서  홍보 조금이나마 하고 갑니당  \nhttps://m.blog.naver.com/PostView.nhn?blogId=rjal0&logNo=221331680156&afterWebWrite=true\n유', ' 2018-01-29\n강추요\n참 착한 가격에 선생님이 너무 좋으세요.\n가격을 이렇게 미리 알고 병원을 선택하니 참 좋군요.\n장', ' 2018-01-29\n추천드려요\n아이가 의외로 잘 회복하고 이제는 잘놀고 있습니다.\n하나만이라도 잘 기르려 선택한건데 잘한거 같네요.\n친절함에 좋은 가격에 거듭 추천합니다.\n김', ' 2018-01-29\n합리적 가격,친철함\n혈액검사 포함해 이가격이면 매우 합리적인거 같고, 병원도 깨끗하게 정돈되있어 안심이 되요.\n수술 잘 받았습니다.\n페', ' 2018-01-29\n수술 잘했어요\n좋은 병원에 좋은 선생님으로부터 좋은 가격에 아이 수술을\n아주 잘했어요. 다른분도 가보세요.만족하실듯.\n가격을 미리 알고 가니 좋네요\n김', ' 2018-01-29\n혈액검사 포함해서 착한 가격!\n강동에서 이 가격이면 꼭 추천해야 할거 같아 글 올립니다.\n혈액검사 따로 하면 그것도 5~6만원은 내야하는데 괜찮은 가격 이네요. 병원도 시설도 아주 좋고요.\n똘', ' 2017-10-13\n좋아요\n고민 해결..추천할께요\n둥', ' 2017-09-29\n만족스러운 수술\n연휴 시작되기 전에 하려고 계획을 잡았네요!!\n제가 너무 귀찮게 많이 물어본건 아닌지 모르겠네요\n처음이라 불안해서 ㅠ \n다행히 아무 문제 없이 잘 끝났어요!!\n원장님 감사합니다 ㅎㅎ']",5.0,26,"['좋다', '친절하다']"
27,27,도그플러스 강서점,반려묘 중성화수술,link,"['\n상품평처럼 친절하세요 ~ㅎㅎ\n다묘집사라 중성화 비용이 만만치 않은데 , 마이펫플러스를 우연히 알게 되서 두번이나 저렴하게 중성화 수술 했어요~!\n첫째아이는 다른병원에서 잘 모르고 피검사 없이 19만원에 중성화수술을 해서 아 이정도면 저렴하구나 하고 만족하면서 했는데\n마이펫플러스사이트에선 피검사랑 항생제까지 포함해서 19만원이니까 너무너무 좋아요 ㅎㅎ\n질문란에 질문을 해도 사장님이신지 관계자분이신지 전화 주셔서 직접 내용 설명도 해주시고 \n전화 통화하시면서 유기묘 유기견을 위해서 사이트가 더 활성화 되어야 된다고 좋은 말씀도 많이 해주시더라구용\n사실 동물병원에 직접 전화해서 이것저것 물어보기가 조심스럽고 그럴때가 많은데 이 사이트에선 문의드려도 직접 전화주셔서 설명해주시니 너무 편한거 같아요\n수술도 너무 잘 끝났구요 오자마자 간식 폭풍 흡입하네용\n그리고 이병원보다 진료비 비싼 동물병원에서 수술 받고 진료 받을때도 아이 괜찮냐고 따로 연락을 단 한번도 못받아 봤었는데\n여기선 다음날 일욜에 아이 괜찮냐고 무슨일 있으면 연락달라고 카톡이 왔어요 ㅠㅠ감덩\n상품평대로 정말 간호사분들도 친절하시고 원장님도 설명 잘 해주시구용, 다른 병원에선 넥카라도 말도 없이 채우고 비용 따로 청구하는데 여기선 넥카라도 필요없고 환묘복도 챙겨갔는데 원장님께서 이런거 다 상술이라고 필요없다고 하시더라구요 ㅋㅋ\n그만큼 수술이 깔끔하게 잘되서 그런거 같아요\n다만 피검사 결과를 정신없어서 제대로 못들었는데 정상이니 설명 안해주신거고 수술도 잘 끝나서 밥도 잘먹고 화장실도 잘 가는거겠죠 ?ㅎㅎ \n첫번째로 수술한 마이펫플러스 사이트 병원보다 만족스러워서 1시간 거리 병원이지만 앞으로 수컷1마리 암컷1마리 중성화수술 예정인데 이병원에서 하려구용 추천합니다 !\n 박', '\n랑이중성화\n오늘 애기 중성화하고 왔는데 수술비용이 싸다고 혹시 불친절하진 않을까  걱정했는데 원장님도 젊으시고 친절하시고 간호사분도 매우 친절하셔서 기분좋게 잘수술하고 왔어요.오전11시에 수술들어가서 1시간조금 넘게 걸린거 같아요.수술 잘 끝났다고 카톡받고 데리러 갔네요.\n애기 수고했다고 닭가슴살 간식도 챙겨주시고 암튼 앞으로 믿고 갈듯 합니다.\n박', '\n별이 10개 있다면 따따블로 평가해 드리고 싶네요^^\n울복실이가어려서그런지..중성화수술후하루반나절까지 밥도안먹고물도안마시고해서.걱정되서담날 아침일찍 한번더진료받아보자해서들렸는데,진료비도받지않으시고.항생제주사와맛있는간식까지챙겨주시궁..넘감동♡오늘3일째밥도잘먹고잘뛰고놀아요^^아는지인께도이곳에서하라궁 홍보했답니디ㅡ..직원분 의사샘 넘친절하시고.진료를넘 잘보세요..저희집과거리가멀긴하지만..번거롭더라도이곳을 단골로다닐꺼랍니다♡병원 번창하세요^^']",4.8,3,"['친절하다', '없다']"
28,28,도그플러스 강서점,반려견 중성화수술,link,"['\n완추 ..!!!\n네이버 검색으로 까페인지 블로그인지 알게된 마이펫소셜커머스!\n들어가보다 가격이 저렴해서 예약하게 됐어용 ~\n근대 걱정도 좀 되긴햇죠...저렴해서.........\n 강아지도 처음 키워보는거고.. 태어난지 2~3개월 입양하지 2틀만에\n 죽을지도 모를 병에 걸려 입원까지 시켜\n큰 돈이 나갓거든욧...ㅠㅠ (저도 힘든지라..... ㅠㅠ)\n그래서 좀 발품 팔아 알아보고 알아보다 구매평도 나쁘지 않아 1시간걸려 갓는데...\n너무너무 좋아 회원가입하구 댓글달게 해달라고 요기에 전화해서 부탁드렸습니다. ㅠㅠ\n원장님 쿨하시네요;; 손님들을 많이 경험해봤는지. 딱.. 꼬집어 말하시고,\n요점만 말하시면서도 챙겨줄거 다 챙겨주시고 .. 감솨합니다 ㅠㅠㅠㅠㅠㅠ\n1시간걸려두 애기 일있으면 꼭 또 가겟습니다 ~~~\n 이', '\n오늘 퇴원햇습니다~\n5살 말티즈 남아 \n중성화 스켈링 슬개골 한번에 수술햇어요.\n일주일 입원하고 오늘퇴원햇습니다.\n잘먹고 쉬잘하고 잘걷고 \n원장샘 경력도 많으시고  간호사샘들 너무친절하세요.\n입원해잇는동안 걱정안되게 아가 동영상 꼬박꼬박 보내주시고\n질문이나 아가 근황 궁금할때 카톡보내면 성심성의것\n답변해주셔서 걱정많은 저같은 사람도 마음놓고 맏겻답니다~\n집이 잠실인데 오늘부터 9호선뚤려서 \n한번에 가는 지하철이 생겻어요! 야호!\n멀어도 이동장에 넣어서 접종 이나 검진  받으러 화곡동까지\n갈거에요! 잠실 시설좋고 원장들도 많고 하지만..\n1년동안 동네병원들 다녀본 결과 만족한 병원이\n없엇습니다. 과잉진찰.진단도 매일 다르고 ㅠㅠ..\n병원은 병원답게 진료잘하고 진단잘하고 내반려견을\n얼마나 잘치료해주는지 이게 젤중요하다 생각해요!\n그런부분에 잇어서 도그플러스 만족합니다!\n감사해요!!\n장', '\n중성화수술 후기 ^^\n리트리버믹스견 5~6개월 여자 강아지 여름이,  푸들 6-7개월 여자 강아지 \n중성화 수술 너무 잘 됐습니다! 원장님 감사합니다^^\n\n지난주 급하게 저희집 강아지 중성화 수술하기로해서   동물 병원을 여기저기 전화상으로 물어보고  동네 여름이친구 주인분 추천으로 병원에 전화도 하고했는데 현금계산하면 25만원해준다는곳이  제일 저렴했고(딴곳에비해 저렴해도 현금결제라 패스~) 다른병원들은 저희 집 강아지 종류가 리트리버믹스라 대형견이라고  대형견 추가비도 받고 해서 쿠폰없이 40~50만원을 부르더라구요,,가격깡패에 정말 많이 망설여져서 인터넷에서 여러 블로그를 탐색 중 마이펫플러스라는 쿠폰제로 하는 이 곳을 알게되었습니다 첨에  보니 가격도 착하고 쿠폰제로 하기에 \n의심이 갔는데 마이펫플러스 담당자분이 친절하고 세밀하게 잘 알려주셔서 바로 쿠폰 구매해서  금요일에 연차내고 저희 집 강아지와 앞집 강아지를 데리고  중성화 수술을 하러 도그플러스에갔습니다!! \n도그플러스 직원분이 전화상으로도 친절하게 예약해줘서 기분 좋았는데 병원에 가니 더 친절하고 여름이랑 같이간 여름이 친구강아지를 너무 예뻐해줘서 안심하고 맡기고 올 수 있었어요^^\n당일은 기운이 없는거 같았는데 밥도 잘먹고 잠도 잘자고  둘쨰 날 오후부터는 힘 좋은 여름이로 돌아와서 셋째날인 어제는 산책나가서 막 뛰어댕기고 어후 힘이 더 좋아진거 같아요;;ㅎㅎ\n봉합부분도 녹는 실이라 실밥풀으로 번거롭게 병원방문안해도 되고 깔끔해서 이 점 너무 강추해요!!\n아!!그리고 여름이는 털이 너무 많고 길어서 저희 엄마가 털 날리고 하는게 스트레스 받아했는데  마취할때 털 한번 밀어주는게 강아지 스트레스 덜 받고 털도 덜 빠진다길래 미용도 했는데 너무 귀여워죽겠어용ㅎㅎㅎ사랑스러운 울 여름이~^^\n수술 잘 해준 도그플러스 직원들과 원장님, 가격 부담 줄어준 마이펫플러스 감사합니다^^\n ']",4.6,3,"['많다', '저렴하다']"
29,29,우리들동물종합병원,반려견·반려묘 중성화수술,link,['\n별5개 많은 이유가 있네요\n강아지 중성화 수술 하려고 24시간 큰병원가니 병원비가 터무니없이 비싸길래 여기저기 찾다가 알게되서 가게되었는데요. 병원비도 부담없고 수술도 완전 만족스럽게 되었네여. 선생님하고 잠깐만 얘기나눠봐도 경험풍부하시고 아는게 많다는게 느껴집니다. 후기남기고 그러는 편이 아닌데요. 정말 만족해서 다른분들께도 도움되라고 후기 남겼어요 '],none,1,"['많다', '만족']"
