Column1,Unnamed: 0,hname,rname,area,comment,commentcounts,rating
0,0,심바동물병원,반려견·반려묘 스케일링,teeth,"[' 2020-04-27\n솔직후기\n집에서 혼자 스케일링해보겠다고 하다가 포기하고 병원데리고 왔습니다\n첫째는 여기 말고 마펫에 있는 다른 동물병원에서 했었는데 여기가 더 가까워서 심바로 데리고갔어요\n치석도 깔끔하게 제거됫습니다\n마이펫플러스병원에서 할때마다 늘 만족스럽게 하고 가네요ㅎㅎ~ 병원운이 좋은 건지~ 감사합니다~\n첫째도 이제 여기로 데리고오려고요~\n한', ' 2020-04-21\n스케일링\n잘 마치고 왔습니다. 5살이기는 한데 아래 어떤거진행되는지 보고 겸사겸사 그냥 8세이상으로 해서 구매했어요.\n우선 제가호흡마취진행을원하기도 했고 흉복부방사선도 찍으면 나쁠건 없을 것 같아 스케일링하러 간 김에 했습니다.\n사실 위에 간식 준다는건 못보고 갔는데 마펫통해서 왔다고 간식도 챙겨 주셨네요 ㅎㅎ\n저희 강아지보다 제가 더 기분 좋았어요.\n스케일링 상태도 괜찮고 주기적으로 여기에서 스케일링진행하고 싶습니다']",2,5
1,1,잠실준25시동물병원,반려견·반려묘 스케일링,teeth,[' 2020-04-22\n꺠끗\n스케일링했습니다 깔끔하게 되었고요 원장님도 친절하시네요 마취된 모습을 보는 게 저는 조금 힘들어서 나중에 데리러갈 떄는 저희 딸 보냈습니다 호흡마취로진행해서그런지 집에 와서는 금방 회복된 모습이었습니다 감사합니다 다음에 또 방문하겠습니다선생님'],1,5
2,2,효창동물병원,반려견·반려묘 스케일링,teeth,[' 2020-05-15\n스케일링+발치\n견(묘) 종 : 코숏\n나이 : 10\n몸무게 : 6kg\n암수 : 수\n거주지(시/구) : 용산\n\n저희 주인님 스케일링하고 발치까지 하고 왔습니다.\n우선 다른 동물병원이랑 다르게 영구치 발치 가격이 있어서 좋았어요.. 다른 곳은 병원에서 확인하고 결정된다고 하는데 요기는 영구치 발치 가격이 보인다는것에서 좋았습니다~\n전발치까지는 아니고 이가 조금 안 좋은것들 위주로 일단 구매해서 갔고요 더필요한건 현장에서 어플로구매했어요ㅎㅎ (미리 마이펫플러스에 물어봣음) \n우선 원장님이 고양이 다루는 솜씨가 엄청 좋은신거예요! 주인인 저보다도..ㅎㅎ 여쭈어보니 병원에서 상주하는 고양이가 몇 있다고 하시더라고요.. 초반에예약할 떄 고양이 예민하냐고 여쭈어보시길래 왜인가 했더니 상주묘들 격리를해야해서 그렇다고 하셨어요 ㅎㅎ 의심한 저를 반성 흑 ㅠㅠ\n정말 고양이에 대한 사랑 동물에 대한 사랑이 느껴지는 곳이었습니다~\n물론 저희 고양이 스케일링도 완벽까지는 아니지만 초반보다 훨씬 깨끗해졌고요 발치도 깔금하게 다 되었어요~\n그냥 두면 전발치까지 필요해질 수 있다는 조언 잘듣고 치아 관리 열심히 하겠습니다!!\n '],1,none
3,3,사랑의동물병원,치근단농양 치료,teeth,"[' 2020-04-30\n친절하게 치료해주셔서 감사합니다!\n동네 병원으로 가려다가, 전화해서 치료비용을 물어봐도  얼버무리기만 하고 2014년 비용을 말해주며 그보다는 훨씬 많으실거라는 애매한 답변을 받고,, 리서치하다가 마이펫을 알게 됐어요.\n처음 이용해보는거라 솔직히 걱정은 됐지만 취지를 읽어보니 괜찮을거라 생각이 들어서 예약하고 방문하게 되었습니다. 진료 대기자가 많아서 한참 기다려야 하는 건 있었지만, 친절하게 설명해주시고, 무엇보다 강아지에게 섬세하게 신경써주셔서 감사했어요. 앞으로 어떻게 관리해야 하는지도 설명을 잘 해주셔서 다녀온 이후로는 더 신경써서 관리해주고 있습니다. \n강아지 세마리를 키우고 있어서, 두마리도 스케일링 하러 재방문하려구요. 감사합니다! ']",1,5
4,4,서교동물병원,치근단농양 치료,teeth,[' 2020-04-29\n앞으로 서교동물병원만 갈 거예요\n선생님께서 꼼꼼하게 진찰도 해주시고 친절히 안내해주셔서 너무너무 좋았습니다. 노견이라 걱정이 많이 됐는데 진찰을 너무 잘해주셔서 안심하고 무사히 맡겼습니다. 현재 강아지도 수술 후 상태도 좋아져서 너무 기분이 좋습니다. 마이펫 덕분에 좋은 병원을 알게돼서 기쁘네요. '],1,5
5,5,해맑은동물병원,반려견·반려묘 스케일링,teeth,[],0,none
6,6,마루동물병원,반려견·반려묘 스케일링,teeth,"['\n포메라니안 3살 스케일링 후기\n포메라니안 수컷 3살 아가 스케일링 후기입니다.\n선생님 친절하게 잘 봐주셨고 치석 엄청 심했는데 완전 애기처럼 하얗게 되서 만족해요!\n마이펫에서 결제했다고 다른건 전혀 없는 것 같아요. 스케일링에서는 추가비용 없었고, 치주염이 이미 진행된 상태라 주사맞고 일주일치 약 처방받아서 4만원 정도 치료비 냈습니다.\n저는 토요일에 오전에 갔더니 진료대기가 좀 길었습니다. 왠만하면 평일에 가시는 거 추천합니다.\n미리 결제하고 전화예약하고 데려갔습니다.(하지만 예약을 한다고 가자마자 진료 받을 수 있는 건 아닌듯,,병원 바쁘면 대기할 수 있습니다. 저도 40분 정도 기다렸어요.)\n스케일링은 오래걸려서 맡겨두고 스케일링 끝났다고 전화오면 데리러 가면 됩니다.\n\n저희 강아지는 2살때 데려왔는데, 그 전까지는 한 번도 양치를 시켜주지 않아서 이미 치석이 심한 상태였습니다.\n치석이 많이 생긴 후에는 양치를 잘 해주어도 치석이 사라지지 않더라구요ㅠㅠ\n잇몸이 이미 약해져있다고 해서 스케일링 시켜줬습니다. 마이펫플러스에서 저렴하게 잘 했어요!\n일반 동물병원보다 5~10만원은 차이 나더라구요ㅠㅠ\n ']",1,2.5
7,7,사랑동물병원,반려견·반려묘 스케일링,teeth,"[' 2020-03-11\n매우 만족합니다!\n아이가 마취를 버텨서 시간 많이뺏었는데, 선생님이 잘다독이면서 깔끔하게 스케일링 해주셔서 좋았어요.\n비용이 저렴해서 약간 걱정했는데 기우였네요.\n심장사상충 약도 샀는데, 엄청 만족합니다.\n앞으로도 여기병원 다니려구해요~^-^♡♡선생님 감사합니다 ~~~~~~~~~~~~~~~~~~~~~~~~~~~~~~~~~~~~~~~~~~~~~~!\n정', ' 2020-02-14\n병원 너무 짱이예여\n일욜 구매해서 월요일 예약해서 화요일4시 스케일링 받았습니다~~\n주사로하는 마취후에 스케일링 받았는데요\n마취 조금 되면서 평소 애기 발바닥 털 한번도 못다듬은지라 미리 준비해간 이발기로 밀면안될까 양해구했는데  흔쾌히 허락해주셔서 6년동안 못다듬던 발바닥털도 다듬었어요...\n저희애가 자가미용하고 있는데 아주... 악마가 따로 없고든요 ㅜㅜ\n6년동안 귀찮아서 양치 안시켰더니 어금니가 거의 돌덩이 수준으로 치석이 껴서 약간 염증끼도 있었는데 스케일링하고 나니 아주 새치아가 되었더라구요~~ 이제는 양치질 귀찮아도 일주일에 한두번은 시킬까봐요~~여튼 너무너무 깔끔하게 되어서 마음이 놓였어요!! 길동이 외지긴 했지만 강남에서 3~40분 걸렸고 조그만하지만 주차할곳도 있고 작은 병원이였지만 너무 꼼꼼한 솜씨에 감동이였어요... 더더군다나 스케일링 10~40만원까지 가격고 천차만별인데 여긴 6만원...가격이 착해도 너무 착해요!! 후기가 갈려서 저렴한 가격네 한번 갔는데 친구들한테 단톡방에 올려서 추천했네요~~양치 오래 안시키신분들은 속는셈치고 가보세요 꼭!!\n정', ' 2020-01-23\n입냄새 안 나요 ㅎㅎ\n사실 저렴하게 사서간다고 대충할까 엄청 걱정했는데 진짜 친절하시고 꼼꼼하셔서 좋았습니다\n엄살쟁이 저희 강아지도 바로 잠재우시는 ㅎㅎㅎ 저는 프리미엄으로 결재했고 유치 발치까지 했습니다.\n안뽑혀 있던 유치가 하나 있었는데 애기도 시원해 하는 것 같아요\n외관으로 봤을 때는 화려한 동물병원이 아니어 문 앞까지도 망설엿는데 겉만 본 제가 너무 부끄러워지네요..\n원장님이 따듯하신 분이라 기분 좋게 저희 강아지도 스케일링 하고 갑니다 감사힙니다']",3,none
8,8,형제종합동물병원,반려견·반려묘 스케일링,teeth,"[' 2020-05-07\n입냄새안뇽\n스케일링 잘 받고 왔습니다. 몸무게가 좀 많이 나가는 애여서 안 될까봐 걱정했는데 여긴 몸무게 추가가 20까지 되더라고요!! 다행히 커트라인..? 사실 가능한 병원 찾느라고 후기나 이런 것 못 봤는데.. 잘하고 온 것 같습니다.\n이제 강아지랑 뽀뽀도 할 수 있어요.. 사실 좀 숨참고 했었음.. ㅎ\n주차장이 아주 조오오오금 먼데 그래도 무료 주차장이라고 좋았습니다! 가격 대비 완전 만족스러운 스케일링 진행하고 왔네요~ 감사합니다~\n박', ' 2020-04-15\n스케일링 잘 받고 왔어요\n마취후에 아가 상태가 좀 안좋았었는지\n서비스로 약도 주시고 심야시간 전화번호도 알려주시더라구요\n좀 불안하긴 했지만 약 잘먹이고\n다행히 심야시간에 전화드릴 일 없이 잘 회복했습니다^^\n다음에는 아가가 작으니까 마취에 주의부탁드려야겠다고 생각 들었네요ㅠㅠ']",2,4.5
9,9,아이엠동물병원,반려묘 전발치,teeth,[' 2019-10-01\n고양이 전발치 여기에서 하세요\n구취가 너무 심해서 상담받으러 갔고요. 마이펫플러스도 알게되었습니다. 전발치 이름이 좀 무서워서 꺼려했는데 안 하면 더 위험하다고 하셔서 믿고 진행했습니다. 덕분에 저희 고양이 괜찮아졌습니다. 감사합니다.'],1,5
10,10,하니동물병원,반려견·반려묘 스케일링,teeth,"[' 2020-03-09\n갑오브갑 치료\n치석으로 인한 스케일링 치료\n정말 친절하고 꼼꼼하게 잘 받았습니다.\n혈액검사와 관리설명까지\n쉽게 잘전달해주셨습니다.\n완전 만족스러웠어요 ~\n알뜰금액으로 치료 잘 받았습니다^^*\n송', ' 2019-09-03\n스케일링\n싸게 잘 치료한거 같아요 실제로 현장에서 결재하는거보다 7-8만원 가량 저렴하게 한거 같아요\n송', ' 2019-09-03\n스케일링\n스케일링 진행했어요 잘 설명해주시고 호흡마취로 해서 그런지 아기가 생각보다 회복도 빨랐습니다']",3,none
11,11,참사랑동물병원,반려견·반려묘 스케일링,teeth,"[' 2020-05-16\n친절하시고 설명도 잘해주세요~\n견(묘) 종 : 말티즈\n나이 : 8\n몸무게 : 3\n암수 : 여\n거주지(시/구) : 구로\n\n엄마가 대신 가셨는데 친절하시고 전화로 잘 설명해주셔서 좋았어요~집과 가깝다면 평소에 다니고 싶네요~\n예', ' 2020-05-15\n초코 스케일링\n견(묘) 종 : 말티푸\n나이 : 7\n몸무게 : 3kg\n암수 : 수\n거주지(시/구) : 양천\n\n7세라서 2-2 결제했습니다.\n불소도포랑 폴리싱까지 있어서 좋았던 것 같아요.\n치아 깨끗해졌고 무엇보다 입냄새가 안나요..\n치카치카 열심히 해 준다고 생각했는데 더 꼼꼼하게 해 줫어야 했나봐요ㅠㅠ\n아무튼 마취한 모습 보니까 좀 그래서 스케일링 동안은 나가서 기다렸어요.\n깨끗하게 해 주셔서 원장님감사합니다.. 다음에 또 갈게요\n배', ' 2019-07-18\n스케일링 처음 시켜줬어요\n입냄새가 나길래 스케일링을 시켜줬는데 입냄새 하나도 안나고 너무 좋네요\n개껌만 믿고 양치를 너무 대충해줬나봐요.. 이제 열심히 해줘야겠어요ㅠㅠ\n마이펫플러스 2019-07-18 18:02\n안녕하세요. \n합리적인 동물병원비용의 기준으로 유기견 유기묘 예방의 기초를 만들어가는 마이펫플러스입니다. \n\n앞으로도 마이펫플러스를 많이 응원해주시기 바랍니다.\n\n마이펫플러스 이용하신 후 후기글 작성 시 선물 증정. (100% 모든분께 드림)\n\n이용하신 업체에 대한 후기글을 sns나 블로그 카페 커뮤니티 등에 정보공유 해주시고,\n해당 글의 URL을 간단한 구매평과 함께 마펫에서 이용하신 업체 상품 구매평에 후기로 남겨주시면 선물을 보내드립니다^^\n\n저희 마이펫플러스는 동물병원비용부담으로 제때 치료받지 못하고 방치되거나 유기되는 동물의 숫자를 줄여보자는 취지로 운영되고 있습니다.\n그러나 아직은 많은 동물병원들이 가격공개와 가격인하에 대해 거부감이 많아 병원제휴에 어려움이 있습니다.\n특히나 지방 쪽 병원들의 협조가 쉽지 않아 제휴가 많이 더디고 있습니다.\n마이펫플러스가 더 노력하고 열심히 할 수 있도록 보호자분들의 응원의 힘을 보태 주시기 바랍니다.\n\n', ' 마이펫플러스 이용방법\n\n상품 구매 후 상품 인증번호와 병원 전화번호 문자 확인, 전화 예약 필수!\n(평일 최소 내원 2-3일 전, 주말은 1-2주전) \n\n만약 수술불가 및 단순 변심이라도 상품구매 30일내 1:1문의로 환불요청주시면 100% 환불가능합니다.(병원상품에 한함)\n수술비용은 마이펫플러스에서 구매했을때 특별한 사항이 없는한 추가비용없이 이용가능한 금액입니다.\n수술부위가 다르거나 검사 및 상담 후 수술 보류, 추가처치 및 검사, 약처방일수 등 추가사항이 있을 경우 비용은 별도 발생할수 있으며 보호자 동의하에 진행됩니다. \n\n마이펫플러스가 있어서 가능해졌습니다!\n\n1. 합리적이고 저렴한 동물병원 가격비교&구매하고 병원 예약후 이용\n2. 연륜과 경험이 풍부한 원장님의 진료로 가격은 낮게 의료퀄리티는 높아졌습니다.\n3. 바가지 요금 걱정NO! 투명한 수술 프로세스 사전 확인 비교!\n수술비가 저렴하다고 수술을 대충해주거나 저가 재료를 쓰지 않습니다. \n4. 병원결제NO!\n마이펫플러스에서 구매해주실 때 마이펫플러스 사이트가 유지될 수 있습니다.\n최', ' 2019-07-09\n믿고 맡깁니다\n유선종양과 중성화 수술 후 매번 믿고 맡기는 병원이에요. 친절하시고 과잉진료없이 설명도 충분히 잘 해주세요!\n마이펫플러스 2019-07-09 15:40\n안녕하세요. \n합리적인 동물병원비용의 기준으로 유기견 유기묘 예방의 기초를 만들어가는 마이펫플러스입니다. \n\n앞으로도 마이펫플러스를 많이 응원해주시기 바랍니다.\n\n마이펫플러스 이용하신후 후기글 작성시 선물증정 (100% 모든분께 드림)\n\n이용하신 업체에 대한 후기글을 sns 나 블로그 카페커뮤니티등에 정보공유해주시고 해당글에 대한 URL을 간단한 구매평과 함께 마펫에서 이용하신 업체 상품 구매평에 후기 남겨주시면 선물을 보내드립니다.\n\n저희 마이펫플러스는 동물병원비용부담으로 제때 치료받지 못하고 방치되거나 유기되는 동물의 숫자를 줄여보자는 취지로 운영되고 있습니다.\n그러나 아직은 많은 동물병원들이 가격공개와 가격인하에 대해 거부감이 많아 병원제휴에 어려움이 있습니다.\n특히나 지방쪽 병원들의 협조가 쉽지 않아 제휴가 많이 더디고 있습니다.\n마이펫플러스가 더 노력하고 열심히 할수 있도록 보호자분들의 응원의 힘을 보태 주시기 바랍니다.\n\n마이펫플러스 이용방법\n\n상품 구매후 상품인증번호와 병원 전화번호 문자 확인, 전화 예약 필수\n(평일 최소 내원 2-3일 전, 주말은 1-2주전) \n\n만약 수술불가및 단순 변심이라도 상품구매 30일내 1:1문의로 환불요청주시면 100% 환불가능합니다.(병원상품에 한함)\n\n수술비용은 마이펫플러스에서 구매했을때 특별한 사항이 없는한 추가비용없이 이용가능한 금액입니다.\n\n수술부위가 다르거나 검사및 상담후 수술보류, 추가처치 및 검사, 약처방일수등 추가사항이 있을경우 비용은 별도 발생할수 있으며 보호자 동의하에 진행됩니다. \n\n마이펫플러스가 있어서 가능해졌습니다.\n\n1. 합리적이고 저렴한 동물병원 가격비교&구매하고 병원 예약후 이용\n2. 연륜과 경험이 풍부한 원장님의 진료로 가격은 낮게 의료퀄리티는 높아졌습니다.\n3. 바가지 요금 걱정NO! 투명한 수술 프로세스 사전 확인 비교 \n수술비가 저렴하다고 수술을 대충해주거나 저가 재료를 쓰지 않습니다. \n4. 병원결제NO!\n마이펫플러스에서 구매해주실때 마이펫플러스 사이트가 유지될수 있습니다.\n신', ' 2019-03-28\n스케일링 후기\n스케일링 잘 끝냈네요 입 냄새도 사라지고 아이가 워낙 양치하는 걸 싫어해서; 원장님이 말씀하신 대로 정기적으로 검진을 받아야겠어요 가격대비 좋고 괜찮았어요~']",6,none
12,12,아이비동물병원,반려견·반려묘 스케일링,teeth,"[' 2020-04-28\n서초 아이비동물병원 완전 좋아요♡\n\n마이펫플러스를 통해 서초 아이비동물병원에 가게됐는데요 처음 예약할때도 너무친절해서 기분이좋았습니다\n\n막상도착하니 생각보다 작고 허름?한 느낌에 놀랐는데요\n앞에분설명이  20분이나걸려서 조금 예민해져있었습니다 ㅠㅠ\n막상 우리강아지 차례가되자\n이것저것 설명도 꼼꼼하시고 스케일링 외에 아픈곳도\n자세히 설명해주셨어요ㅠㅠ\n\n진심으로 동물을사랑하는게 느껴져서 믿음이 더욱잘갔습니다\n피검사+설명까지 30-40분걸렸구요\n스케일링 끝나기까진 1~1:30걸린거같아요\n\n애기가 노견이라 걱정됐는데 무사히수술도마치고\n치아도깨끗하게되서 정말 감사했습니다!\n\n앞으로다른치료받아야할때 또 뵙고싶은 원장님 이였습니다\n좋은진료 받게되어서 감사합니다!!\n길', ' 2020-03-03\nJ\n제이 왔다 갑니다 저렴한 가격에 검진까지\n같이 받아서 좋고 건강하다고 하셔서 더 좋네요 \n집에 동물친구 들이 많아서 한번 아프면\n너무 돈이 많이 깨져서 고민이였는데 \n이번에 선택을 잘한거 같아요\n원장님 친절해요 good good\n담에 또 뵐게요~~~~ \n감사합니다 \n-\n가끔은 슈나우져 같고 가끔은 시츄같은 \n어금니 아픈 겁쟁이 제이가-\n심', ' 2020-02-17\n추가금액 전혀 없이 스케일링했어요-! [후기등록 URL]\n무엇보다 양심적인 수의사분을 만나뵙게 되어서 너무 좋았어요.\n여태까지 안해도 될 것도 의사선생님말씀듣고 많이 했었는데\n보은이 치아를 보시더니, 이정도는 아직 스케일링 안해도 된다.\n이번에는 해주시지만 다음에는 조금 더 참았다하는게 좋다 \n라고 말씀도해주시고 간 김에 등 뒤에 난 뾰루지도 없애려고 했는데\n없애주면 저야 돈 많이 벌어서 좋지만, 그래도 강아지를 위한다면 \n안하는게 낫다고 하셨어요 ㅠㅠ 이렇게 감동적인 병원은 처음이에요.\n\n 심', ' 2020-02-17\n최고의 수의사분을 여기서 만나게 되어 행복했어요 ㅠㅠ [후기등록 URL]\n원래는 스케일링만 하려고 했는데 \n스케일링 전에도 넘넘 꼼꼼하게 봐주시고\n이사온지 얼마안돼서 동물병원을 찾고 있었는데\n서초동 살면서는 여기에 무조건 와야겠어요!\n\n정말 추천 별 다섯개입니다 :) \n\n\n예', ' 2019-07-11\n아가 스케일링 받고 왔어요~\n저희 아이가 조금 낯가림도 있고 예민한 편인데도 친절하게 잘 해주셔서 스트레스 덜 받고 잘 하고 왔습니다^^\n감사합니다 아이비 자주 이용할게요~~\n마이펫플러스 2019-07-16 17:20\n안녕하세요. \n합리적인 동물병원비용의 기준으로 유기견 유기묘 예방의 기초를 만들어가는 마이펫플러스입니다. \n\n앞으로도 마이펫플러스를 많이 응원해주시기 바랍니다.\n\n마이펫플러스 이용하신 후 후기글 작성 시 선물 증정. (100% 모든분께 드림)\n\n이용하신 업체에 대한 후기글을 sns나 블로그 카페 커뮤니티 등에 정보공유 해주시고,\n해당 글의 URL을 간단한 구매평과 함께 마펫에서 이용하신 업체 상품 구매평에 후기로 남겨주시면 선물을 보내드립니다^^\n\n저희 마이펫플러스는 동물병원비용부담으로 제때 치료받지 못하고 방치되거나 유기되는 동물의 숫자를 줄여보자는 취지로 운영되고 있습니다.\n그러나 아직은 많은 동물병원들이 가격공개와 가격인하에 대해 거부감이 많아 병원제휴에 어려움이 있습니다.\n특히나 지방 쪽 병원들의 협조가 쉽지 않아 제휴가 많이 더디고 있습니다.\n마이펫플러스가 더 노력하고 열심히 할 수 있도록 보호자분들의 응원의 힘을 보태 주시기 바랍니다.\n\n', ' 마이펫플러스 이용방법\n\n상품 구매 후 상품 인증번호와 병원 전화번호 문자 확인, 전화 예약 필수!\n(평일 최소 내원 2-3일 전, 주말은 1-2주전) \n\n만약 수술불가 및 단순 변심이라도 상품구매 30일내 1:1문의로 환불요청주시면 100% 환불가능합니다.(병원상품에 한함)\n수술비용은 마이펫플러스에서 구매했을때 특별한 사항이 없는한 추가비용없이 이용가능한 금액입니다.\n수술부위가 다르거나 검사 및 상담 후 수술 보류, 추가처치 및 검사, 약처방일수 등 추가사항이 있을 경우 비용은 별도 발생할수 있으며 보호자 동의하에 진행됩니다. \n\n마이펫플러스가 있어서 가능해졌습니다!\n\n1. 합리적이고 저렴한 동물병원 가격비교&구매하고 병원 예약후 이용\n2. 연륜과 경험이 풍부한 원장님의 진료로 가격은 낮게 의료퀄리티는 높아졌습니다.\n3. 바가지 요금 걱정NO! 투명한 수술 프로세스 사전 확인 비교!\n수술비가 저렴하다고 수술을 대충해주거나 저가 재료를 쓰지 않습니다. \n4. 병원결제NO!\n마이펫플러스에서 구매해주실 때 마이펫플러스 사이트가 유지될 수 있습니다.\n단', ' 2019-05-10\n스케일링\n4살 아이 스케일링 잘했어요~~\n2개 발치도 했어요ㅎㅎ 스케일링 하고 나니까\n깨끗하고 입냄새도 사라져서 만족스러워요~집에서\n가깝고 상품에 혈액검사랑 엑스레이도 포함되어 있어서\n아이 상태도 확인하기 좋았어요:) 추천드려요    \n 박', ' 2019-05-02\n강추요!\n강아지 입 냄새가 심해서 별거 다 해봤는데...양치를 해줘도 냄새가 없어지지 않아서 스케일링 해줬어요 왜 그동안 안해줬나 후회가 될 만큼 냄새가 안나서 만족해요 원장님 솜씨가 좋으시네요 강아지 입냄새가 고민이면 스케일링 강추요~  \n이', ' 2019-04-30\n아주 만족해요!\n스케일링하고 강아지한테 입냄새 안나서 너~무 좋아요!\n시술하고 주의사항 부분도 친절히 설명해주셔서 만족해요\n다음에도 이용할 생각 있습니다^^']",9,5
13,13,우리동물병원,고양이 전발치 수술,teeth,[],0,none
14,14,우리동물병원,반려견·반려묘 스케일링,teeth,"[' 2020-04-01\n너무좋아요\n중성화하면서 스켈링도하고\n간김에 종합검진도 받았는데\n치아도 깨끗해지고 마취도금방깨고\n아파하지도않고 좋아요\n마취가 금방깬다는건 소량으로\n빠른시간에 진행해주셨다는거죠^^\n울아기들 깨끗한치아 만들어주셔서\n감사합니다 \n 노', ' 2019-07-07\n하길 잘했어요\n나중에 우리 아이가 이에 염증이 있어서 약값 때문에 추가 비용이 나와서 좀 놀랬지만 그거야 머 울강쥐가 아픈거니까요\n다섯살인데 스켈링을 첨 해보는거라 많이 겁먹었는데\n하길 잘한거 같아요 입냄새도 안나고 또 잇몸에 염증이 있던것도\n알수 있었으니까요 선생님도 친절하시고 좋으셔서\n다른 강쥐들도 데리고 가바야겠어요\n마이펫플러스 2019-07-08 12:12\n안녕하세요. \n합리적인 동물병원비용의 기준으로 유기견 유기묘 예방의 기초를 만들어가는 마이펫플러스입니다. \n\n앞으로도 마이펫플러스를 많이 응원해주시기 바랍니다.\n\n마이펫플러스 이용하신후 후기글 작성시 선물증정 (100% 모든분께 드림)\n\n이용하신 업체에 대한 후기글을 sns 나 블로그 카페커뮤니티등에 정보공유해주시고 해당글에 대한 URL을 간단한 구매평과 함께 마펫에서 이용하신 업체 상품 구매평에 후기 남겨주시면 선물을 보내드립니다.\n\n저희 마이펫플러스는 동물병원비용부담으로 제때 치료받지 못하고 방치되거나 유기되는 동물의 숫자를 줄여보자는 취지로 운영되고 있습니다.\n그러나 아직은 많은 동물병원들이 가격공개와 가격인하에 대해 거부감이 많아 병원제휴에 어려움이 있습니다.\n특히나 지방쪽 병원들의 협조가 쉽지 않아 제휴가 많이 더디고 있습니다.\n마이펫플러스가 더 노력하고 열심히 할수 있도록 보호자분들의 응원의 힘을 보태 주시기 바랍니다.\n\n마이펫플러스 이용방법\n\n상품 구매후 상품인증번호와 병원 전화번호 문자 확인, 전화 예약 필수\n(평일 최소 내원 2-3일 전, 주말은 1-2주전) \n\n만약 수술불가및 단순 변심이라도 상품구매 30일내 1:1문의로 환불요청주시면 100% 환불가능합니다.(병원상품에 한함)\n\n수술비용은 마이펫플러스에서 구매했을때 특별한 사항이 없는한 추가비용없이 이용가능한 금액입니다.\n\n수술부위가 다르거나 검사및 상담후 수술보류, 추가처치 및 검사, 약처방일수등 추가사항이 있을경우 비용은 별도 발생할수 있으며 보호자 동의하에 진행됩니다. \n\n마이펫플러스가 있어서 가능해졌습니다.\n\n1. 합리적이고 저렴한 동물병원 가격비교&구매하고 병원 예약후 이용\n2. 연륜과 경험이 풍부한 원장님의 진료로 가격은 낮게 의료퀄리티는 높아졌습니다.\n3. 바가지 요금 걱정NO! 투명한 수술 프로세스 사전 확인 비교 \n수술비가 저렴하다고 수술을 대충해주거나 저가 재료를 쓰지 않습니다. \n4. 병원결제NO!\n마이펫플러스에서 구매해주실때 마이펫플러스 사이트가 유지될수 있습니다.\n우리동물병원(서대문) 2019-07-08 10:55\n자세한 후기 감사드립니다^^ 다음에 방문하실 때는 더더욱 좋은 서비스로 맞이하겠습니다!\n지', ' 2019-05-07\n스케일링 깔끔하게 완료~~\n원래 스케일링...의 필요성을 잘 몰랐었는데\n입냄새 문제도 그렇고 치아 관리 좀 신경써야겠다 싶어서\n마펫에서 상품 구매하고 후다닥 예약잡았어요\n깔끔하고 입냄새 안나고 원장쌤도 친절하시고\n만족해서 후기까지 남깁니다\n담에 스케일링 받으러갈때도 잘 부탁드려요ㅎㅎ\n우리동물병원(서대문) 2019-05-23 11:39\n자세한 후기 감사드립니다:D 다음에도 또 들러주세요^^']",3,5
15,15,아이엠동물병원,반려견·반려묘 스케일링,teeth,['\n프리미엄 스켈링했습니다\n깨끗하고 안전하게 잘됐구요\n걱정했는데 원장님께서도 차근차근 잘 설명해주시고\n아이 상태도 괜찮아서 안심됐어요\n전반적인 건강상태도 대략적이지만 봐주셔서 \n꼼꼼하게 잘 관리해주셔서 감사합니다 :)'],1,5
16,16,하니동물병원,고양이 전발치 수술,teeth,"[' 2019-07-18\n유기묘 입양했는데\n유기묘다보니 아무래도 치아가 많이 손상되어있더라구요 입냄새도 많이나고..\n그래서 여기저기 알아보다가 결국 전발치를 결정하게 됐습니다.\n그런데 강아지 전발치는 많아도 고양이 전발치를 잘하는 병원은 찾기가 너무 힘들더라구요..\n한다고 하시긴 하는데 잘하는지는 모르겠는...? 믿고 맡기기가 애매한..? 그런 병원들 뿐..\n가격도 너무 비싸구요ㅠㅠ\n근데 마이펫플러스에서 보니 프로세스?수술과정?도 너무 마음에 들고\n무엇보다도 모든 내역들을 제 카톡으로 다 받아볼 수 있다는게 제일 마음에 들었어요\n\n결론적으로 수술도 너무 잘됐고, 입냄새도 안나고, 너무너무 대만족입니다!!\n앞으로 무지개다리 건널 때까지 예쁘게 잘 키울게요!!\n마이펫플러스 2019-07-19 09:43\n안녕하세요. \n합리적인 동물병원비용의 기준으로 유기견 유기묘 예방의 기초를 만들어가는 마이펫플러스입니다. \n\n앞으로도 마이펫플러스를 많이 응원해주시기 바랍니다.\n\n마이펫플러스 이용하신 후 후기글 작성 시 선물 증정. (100% 모든분께 드림)\n\n이용하신 업체에 대한 후기글을 sns나 블로그 카페 커뮤니티 등에 정보공유 해주시고,\n해당 글의 URL을 간단한 구매평과 함께 마펫에서 이용하신 업체 상품 구매평에 후기로 남겨주시면 선물을 보내드립니다^^\n\n저희 마이펫플러스는 동물병원비용부담으로 제때 치료받지 못하고 방치되거나 유기되는 동물의 숫자를 줄여보자는 취지로 운영되고 있습니다.\n그러나 아직은 많은 동물병원들이 가격공개와 가격인하에 대해 거부감이 많아 병원제휴에 어려움이 있습니다.\n특히나 지방 쪽 병원들의 협조가 쉽지 않아 제휴가 많이 더디고 있습니다.\n마이펫플러스가 더 노력하고 열심히 할 수 있도록 보호자분들의 응원의 힘을 보태 주시기 바랍니다.\n\n', ' 마이펫플러스 이용방법\n\n상품 구매 후 상품 인증번호와 병원 전화번호 문자 확인, 전화 예약 필수!\n(평일 최소 내원 2-3일 전, 주말은 1-2주전) \n\n만약 수술불가 및 단순 변심이라도 상품구매 30일내 1:1문의로 환불요청주시면 100% 환불가능합니다.(병원상품에 한함)\n수술비용은 마이펫플러스에서 구매했을때 특별한 사항이 없는한 추가비용없이 이용가능한 금액입니다.\n수술부위가 다르거나 검사 및 상담 후 수술 보류, 추가처치 및 검사, 약처방일수 등 추가사항이 있을 경우 비용은 별도 발생할수 있으며 보호자 동의하에 진행됩니다. \n\n마이펫플러스가 있어서 가능해졌습니다!\n\n1. 합리적이고 저렴한 동물병원 가격비교&구매하고 병원 예약후 이용\n2. 연륜과 경험이 풍부한 원장님의 진료로 가격은 낮게 의료퀄리티는 높아졌습니다.\n3. 바가지 요금 걱정NO! 투명한 수술 프로세스 사전 확인 비교!\n수술비가 저렴하다고 수술을 대충해주거나 저가 재료를 쓰지 않습니다. \n4. 병원결제NO!\n마이펫플러스에서 구매해주실 때 마이펫플러스 사이트가 유지될 수 있습니다.\n김', ' 2019-06-13\n전발치수술 잘했습니다.\n구내염이 있는 고양이 전발치 수술 잘했습니다. 병원 내부가 \n깔끔해서 위생적으로 괜찮아 보였어요 상담도 궁금한 부분 설명 잘해주시고 수술하고 고양이 입냄새도 사라지고 만족스럽네요.마펫에서 저렴한 가격에 잘 했네요 앞으로 하니동물병원만 이용하려구요 \n김', ' 2019-06-12\n전발치수술 잘해주셔서 감사해요:)\n길냥이에서 집냥이 된 우리 꼬마 이빨 염증과 구내염이 심해서 전발치 수술 해줬는데 원장님들과 의료진분들이 친절하시고 검사도 잘해주시니까 좋았어요 고양이 컨디션도 좋고 조금씩 사료를 먹고 있어요 안아파하니까 해주길 잘한 것 같아요 감사합니다.\n김', ' 2019-06-11\n감사해요\n수의사 선생님도 친절하시고 병원도 쾌적해서 좋았어요 \n전발치수술 전에 마취할 수 있는지 검사도 잘해주셨고, 수술 후 아이가 통증때문에 아파하지 않아서 좋네요 \n\n지인들한테도 추천할게요^^\n정', ' 2019-06-11\n만족해요\n사랑이 입냄새도 심하고 염증도 있어서 전발치 알아보다가 가격도 저렴하고 집이랑 가까워서 하니동물병원에서 했는데 아주 좋아요 원장님께서 친절하게 상담해주시고 검사도 꼼꼼하게 해주셔서 만족스러웠어요~\n정', ' 2019-01-10\n발치 수술과 구내염 치료했어요.\n피가 나는 상태까지 가서 결국 발치 수술이랑 구내염 레이저 치료 진행했네요.  컨디션도 좋아보이고 죽같은거 조금씩 먹고 있어요. 감사합니다']",7,5
17,17,보람동물병원,반려견·반려묘 스케일링,teeth,"['\n마이펫플러스 첫 이용 후기\n집 근처 성신여대 인근 다니던 v', '동물병원에선 스케일링 비용이 52만원부터...라 부담스러운 가격이어서 시기를 망설였는데,  마이펫플러스 통해서 덜 부담스러운 가격으로 첫 스케일링 해서 정말 다행이에요. 양심적인 비용도 너무 감사하지만,  친절한 원장님 상담과 꼼꼼한 진료와 설명까지.. 또 택시타고서라도 다니고 싶을 정도로 만족스러웠어요.  병원 규모도 작고 대기할 수 있는 시설도 따로 없어서 화려하지는 않지만 결코 실력과 서비스는 작지 않았습니다. 덕분에 늦지않은 시기에 첫 스케일링을 안전하게 할 수 있었고, 마취때도 계속 안고 있게 해주셔서 우리 쪼꼬도 조금 더 편한 마음으로 진료받은 것 같아요. 정말 정말 감사하는 마음이 큽니다. 첫 전신마취라서 걱정이 많이 되었는데, 사전 혈액검사부터해서 여유있게 진행해주셔서 감사했구요.  마취하고 점점 감겨지는 눈망울을 보고서는 마음이 너무 아파 눈물이 계속 나더라구요... 마취에서 깨어나지 못하면 어쩌나 하는 걱정도 있었어서 눈이 감길때까지 계속 사랑한다는 표현을 해주었어요. 나중에 마취에서 무사히 잘 깨어날수있게 힘내달라고 기도하며..  주책맞게 큰 수술도 아닌데 왜그렇게 눈물이 나던지.. 근처 카페에서 기다리다가 마취에서 깨어났다는 문자받고 병원까지 한걸음에 뛰어갔는데 말똥거리는 눈망울로 깨끗한 공기 마시며 회복중인 쪼꼬 앞에서 원장님과 꼼꼼한 상담이 이어졌어요. 정말 그동안 어느 병원에서도 느껴보지못한 꼼꼼한 상담이어서 연신 감사한 마음이 들었어요. 진심으로 동물을 사랑하는 마음이 느껴졌어요. 정말 감사합니다. 마이펫플러스에도 감사드리고, 병원원장님 정말 감사합니다! 오는길에 택시 아저씨께서도 저희 쪼꼬와 똑닮은 갈색 푸들을 키우신다기에 이런저런 얘기하다가 병원 추천도 해주었어요! 연세가 있으셔서 이 사이트는 모르시겠지만 병원 이름과 위치 알려드렸는데,  양심적이고 친절한 병원인만큼 번창하시길 바랍니다..!! 쪼꼬도 마취에서 깨어나 밥도 먹고 물도 먹고 잘 회복중이예요. 정말 감사합니다. ♥\n배', '\n우리 애기 스켈링 잘 받고 왔습니다! :)\n안녕하세요. \n오늘 오전에 스켈링 받고 왔습니다. \n\n긴 글 읽기 귀찮으시면 맨 밑줄만 읽으세요 ㅋㅋ\n\n6호선 라인에 살아서 지하철을 타고 이동했고 월곡역에 내려서 조금 빠른 걸음으로 5분 정도 걸렸습니다.\n병원은 아담하고 깔끔했구요. 원장님과 간호조무사님(정확한 직책을 몰라 죄송해요;) 두분 다 친절하셨습니다.\n시술 들어가기 전에 육안으로 눈(백내장 끼가 있다고 안과전문진료 추천해주셨어요)과 귀  살펴봐 주시고 청진기로 가슴과 폐 소리도 들어보셨어요. \n\n혈액 채취도 능숙하게 애기 잘 달래가면서 해주셨구요. \n간, 콩팥 수치 알아듣기 쉽게 설명해주셨고 마취되는 거 보고 나와 주변에서 기다렸는데 \n병원도착이 11시, 마취에서 깼으니 픽업 오라는 문자가 14시 20분 쯤 왔어요. 생각보다 빨리 끝났습니다!\n\n애기 치석 제거 아주 깔끔하게 잘 되었습니다.\n이빨이 튼튼하지 않은 녀석이라 걱정했는데 치은염만 경미하게 있어 발치도 불필요했다 하셨구요.\n차분하게 알아듣기 쉽게 잘 설명을 해주셨고 구강청결제도 넣는 시범 보여주셨어요!\n\n과잉진료를 하신다거나 가격이 저렴해서 대충하신다거나 이런 인상은 전혀! 못 받았구요.\n심장사사충 검사를 권유하긴 하셨지만 가격도 저렴하고 어차피 해야 하는 검사라 거부감은 들지 않았어요.(받진 않았습니다)\n\n', '', '', '', '', '', '', '', '*\n원장님 인상도 좋으시고 친절하시고 꼼꼼하시다는 인상을 받았습니다. \n저렴하다고 괜한 걱정할 필요는 전혀 없을 듯 합니다. 내년에도 스켈링 받으러 다시 찾을 의사 있습니다.\n그때까지 입점해 있길 바래요. \n', '', '', '', '', '', '', '', '*\n\n감사합니다 :))))\n ']",19,none
18,18,둘리동물병원,반려견·반려묘 스케일링,teeth,"['\n요크셔테리어 9살 노견입니다. 추천 10개 박고가용.\n후기에 사진 첨부 안되는게 참 아쉽네요.\n요크셔테리어 10살인데\n여태까지 이빨 한번도 안닦아주다가\n눈밑에 볼록 튀어나와서 눈 질환인줄 알앗더니\n치아 뿌리가 썪고 곪아서 생긴 치아 뿌리 농양(치근농양)\n이라고 하더라구요. 까페에서 난곡에 유명한 병원 갓더니\n치근농양이라구 스켈링하셔도 뽑아야될거같다고 하는더에요. 자기네는 작은데라 호흡마취 안되니 호흡마취되는데로 가라고..해서.. (노견이라..)\n집근처 알아보니 발치에 호흡마취에 혈액검사에.. 스켈링하면\n비용이 얼추  100마넌정도 나올거 같더라구요..\n그래서 까페검색하다가\n마이펫 플러스 잇다는거에 검색해보고\n스켈링이랑 흔들리는 이 발치는 난이도가 아주 높지않다고해서\n그냥 싼곳(마포에5마넌) 짜리 갈까하다가\n노견이라 호흡마취는 해줘야될거같아서\n문의해보니 발치비 2마넌 받으신다고 해서\n여기 찾아갓습니다.\n잘 안내해주시고 치료 잘 해주셔서 감사합니다.\n호흡마취 스켈링 11만 + 발치6개(10만/1개는 서비스)\n해서 정말 저렴하게 하고 온거같아요.\n첫날에는 밥도 잘못먹어 걱정햇는데\n이틀째인 오늘은 밥 잘먹네요.\n한시름 놓앗습니다.\n\n감사합니다.  병원 대박 나셧음 좋겟어요. 항상 건강하세요(건강이 최고!!)\n\nhttps://cafe.naver.com/dogpalza/15524186\n양', '\n만족스럽습니다\n현재 10년차 집사로 나름 좋다는 유명병원들 택시타고 한시간이상씩 다 돌아다녔습니다.\n이전에 범백/복막염 걸려 무지개 다리 건넌 아이들도 있고해서 진짜 큰병원들 많이 돌아다니고\n조금과장하면 서울대학병원 외엔 어지간히 유명하다는 곳은 가본거 같아요.\n\n처음 고양이 스케일링+발치 1개 할때는 70만원넘게 들었어요\n고양이치아전문병원(수의치아협회쪽 회장님이 하시는)이라 비쌌던것도 있지만..\n지금 생각하면 왜 그렇게 겁먹고 큰병원들 다녔는지 모르겠네요.\n\n제친구쪽은 동네 큰병원 갔더니 전신마취후 이검사 안하면 문제 생길수도 있대서\n어쩔수없이 필요없는 검사도 했다고 하더라구요.\n\n사람 치과도 그렇고 동물병원들 시설비랑 인건비로 너무 많이 청구하는거 같아요.\n특히 보호자 겁줘서 필요없는 검사 시키는거 좀 안해줬으면 좋겠습니다.\n\n스케일링은 굳이 큰병원 안가셔도 되니 여기서 하세요!']",2,none
19,19,행복한동물병원,반려견·반려묘 스케일링,teeth,"[' 2020-03-29\n대만족입니다~~~\n\n이 병원은 첫방문이었는데 너무 만족했습니다. 집에서 제일 가까운곳으로 검색해서 간거였는데 \n일단 하나하나 설명해주시는것이 좋았구요 스켈링 들어가기전에 발치가능성도 미리말해주셔서 좋았어요. 혹시나 마취도중에 갑자기 뽑아야된다고 말해주셨음 멘붕왔을거같거든요. 스켈링 전 기본적 검사로 관절 및 건강상태 다 말해주시구요 종특 질병에 관해서도 말해주셨어요(말티즈 심장병 잘걸린대요ㅠㅠ흑) 스켈링 도중에도 수술실로불러서 치아하나하나 직접 볼수있게 흔들리는정도도 체크해주시고 출혈도 있고 어느부분에 염증이 심한지도 설명을해주셔서 동물병원을 많이가보진않았지만 앞으로 병원올일이 생기면 이곳으로 다니자 생각했어요. 결국 발치는하지않게되어서 넘나다행이었습니다. 하고나니 구취가 아예 싹 사라지더군요 처음해보는거라 신기했습니다! 불소도포도 보는앞에서 직접해주시고 후기가 많이없어서 고민했는데 다른분들 조금이나마 도움되시라고 올려봅니다^-^♡\n태', ' 2019-08-07\n프리미엄 스케일링\n원장님도 친절하시고 설명도 꼼꼼하게 잘 해주셔서 3살 4살 두 아이들 모두 스케일링 잘 받고 왔습니다.\n집도 가깝고 해서 앞으로 병원은 여기로 올것 같아여:)\n감사합니당!\n장', "" 2019-07-30\n친절하세요\n후기가 너무 없어서 걱정했다고 하니까 보호자들이 잘 안써준다고 하시더라구요\n엄청 친절하고 좋았는데ㅠㅠ 왜 안써주시는 걸까요..\n저희 아가 스케일링 결과도 좋고 병원도 맘에 들었어요~~\n고민하지 마시고 가보세용!!ㅎㅎ\n추천드립니다~~~~^^\n마이펫플러스 2019-07-30 17:00\n안녕하세요. 마이펫플러스 입니다.\n\n★ 마이펫플러스 후기 이벤트 참가 방법 ★\n1. SNS, 블로그, 카페, 커뮤니티 등에 이용한 업체에 대한 솔직 후기 작성!\n2. 마이펫플러스 로그인 > 이용한 상품 구매평 > 간단한 후기 + 해당 URL 남기기!\n3. 익월 15일 이후. 당첨자 공지글에서 내 이름 확인하기! (100% 당첨)\n- 주의사항 : SNS등에 후기글 남길 때, '마이펫플러스'를 통한 구매임을 꼭 밝힐 것!\n\n저희 마이펫플러스는 동물병원 비용이 부담스러워 제때 치료받지 못하고 방치되거나 유기되는 동물의 숫자를 줄여보자는 취지로 운영되고 있습니다.\n그러나 대다수의 동물병원들(특히 지방 쪽)이 할인된 비용을 공개하기를 꺼려하며, 마이펫플러스에 입점 자체를 거부하고 있습니다.\n마이펫플러스가 더욱 힘내서 열심히 할 수 있도록 보호자분들의 응원의 힘을 보태 주세요!!\n저희 마이펫플러스를 위한 보호자분들의 응원이 필요합니다 :)\n\n"", ' 마이펫플러스의 역할\n1. 바가지 요금 걱정 NO! 동물병원 별 합리적이고 저렴한 가격 비교 가능!\n2. 연륜과 경험이 풍부한 원장님들의 입점! 비용은 낮게, 의료 퀄리티는 높게!\n3. 수술 프로세스 투명 공개! 전 프로세스 사전 확인 가능!\n\n< 서울시 수의사협회, 마이펫플러스 제휴병원에 탈퇴 협박공문 관련 기사 >\nhttp://imnews.imbc.com/replay/2019/nwdesk/article/5139042_24634.html\n\n동물병원 비용을 합리적인 기준으로, 유기견 유기묘 예방의 기초를 만들어 가는\nNO.1 반려동물전문소셜 마이펫플러스가 1000만 반려인과 반려동물의 권리를 지켜갑니다.\nwww.mypetplus.co.kr\n도', ' 2018-12-27\n프리미엄으로 스케일링 해줬어요\n길고양이였던 애를 입양해소 치아 상태가 많이 안 좋더라구요.\n그래서 해주는 김에 프리미엄으로 가자해서 프리미엄 구매해서 갔습니다. 스케일링 하니까 깨끗하니 좋네요 ㅎㅎ\n오', ' 2018-10-30\n스케일링 후기\n입질이 있던 아이라 양치질 시켜주기 너무 힘들어서 그냥 간식으로만 버텼는데 나이가 드니까 그것도 별 효과가 없더라구요. 결국 치석끼고 염증 생겨서 스케일링 해줬습니다. 꼼꼼하게 잘 봐주셔서 감사해요. 자기도 개운한 눈치입니다\n나', ' 2018-06-19\n깨끗해지고 입냄새도 안 나요\n입냄새도 안 나서 넘 좋네요 양치하는 법 물어봤는데 친절하게 알려주시고 시술도 꼼꼼하게 해주시고 좋아요^^\n김', ' 2018-06-11\n꼼꼼하게 잘 봐주셔서 너무 감사합니다.\n강아지가 이빨에 문제가 많아서 프리미엄으로 구매했는데 x-ray찍으니 더 정확하게 이해하게 됐어요']",8,none
20,20,사랑의동물병원,반려견·반려묘 스케일링,teeth,"[' 2020-03-24\n세상은아직살만하다\n다른병원에 안좋은 기억들이 있어서  좀 멀긴하지만 고심끝에 방문하게된 병원\n상품?이라고 표현하긴 적절치않은 상품후기남깁니다\n\n9살아이 양치질시 피가나서 내원햇는데\n종합검짐을받고 나온거 같습니다\n\n생각못했던 안좋은 결과들에 맘이 아프긴하지만\n이제라도 제대로 알았으니...\n\n촉진으로 슬개골탈구가 있다고 알려주셨구요\n엑스레이찍어서심장문제도 확인해주셨구요\n\n상태가좀안좋아 수액2시간넘게맞고 스케링진행\n\n최대한 살리려하셨지만 포기해야하는 치아 2개발치\n마취어느정도 풀릴때까지 수액좀더맞고 끝\n\n약 1주분처방해주셧구요\n\n치약 관절약 기타 아이에게필요한 갓성비제품을\n병원 강매가아니 상품명을 알려주셨구요\n\n아이는 잘잤고 육안으로 이는 하얗고~~\n\n가장궁금하실 추가요금은 없었습니다ㅎㅎ\n\n이후기를보시는 보호자님들\n저처럼  팔랑귀로 무지함으로 아이고생시키시지말고\n제대로 잘알아서 오래오래 아이와 행복하시길...\n\n\n\n\n 이', ' 2019-09-03\n친절한 병원 ~\n이사와서 동물병원에 정착한 곳이 없었는데 선생님이 매우 친절하시고 꼼꼼하게 치료해주셔서 계속 다닐 예정이에요. 치주염이 심한 아이인데 추가금액 없이 약도 처방해 주시고 이도 구석구석 깨끗하게 스켈링 해주셨어요 \n감사합니다 \n정', ' 2019-01-17\n깨끗해요!\n치아가 좀 누래지는 부분이 있어서 스케일링 하면서 양치 더 꼼꼼히 해주자는 생각에 스케일링 시켜줬어요 하얘져서 제가 기분이 좋네요 ㅎㅎ\n별', ' 2018-08-20\n4살 별이 스케일링 잘 하고 왔어요~\n 제 반려견을 보내고 슬퍼하고 있는차에 친한동생이 키우던 아이였는데 \n 더는 사정상 못키울거 같다고 해서 저에게 갑자기 오게된 아이입니다.\n 4년동안 병원도 잘 못가고 이빨관리가 전혀 안되어 치석이 아주 심했어요\n 예약을 하고 검사부터 마취가 깨는것까지 꽤 오랜시간이 걸렸는데\n 별이 치아가 아주 깨끗해져서 속이 다 후련해 졌습니다... \n 스케일링 받고나서 잘뛰고 잘 놀고 잘 먹었습니다.(먹보라 밥시간 지키느라 고생좀 시켰습니다)\n 의사샘 간호사샘 모두 친절하셔서 너무 좋았어요\n 감사합니다.^^\n이', ' 2018-06-19\n13살 쫑이도 수술 하고 왔어요~\n노령견이라 걱정했는데 괜찮다고 설명해주셔서 받고 왔어요 마취는 살짝 늦게 깬 것 같지만 깨고 나서 한참 멍하더니 저녁엔 밥도 잘 먹었어요']",5,5
21,21,도그플러스 강서점,고양이 전발치 수술,teeth,"['\n감사합니다\n노견 한마리와 고양이 한마리 발치 수술했어요!\n\n크리스마스 이브날인데도\n의사선생님과 간호사선생님께서 \n늦게까지 수술해주셔서 너무 감사하고 죄송했어요  간호사쌤 너무 이쁘세요(소곤소곤)♡\n\n13살 .. 정말 작은 나이가 아닌데 빠르고 정확하게 수술해주셔서 지금 너무 잘 회복해서 \n이전보다도 더 잘먹고 잘 짖고 건강하게 잘 살고 있어요!\n\n고양이도 잘 회복해서 밥 아주 건강하게 잘 먹고 있어요 ㅎㅎ 미용 권유해주셔서 미용도 했는데정말 신세계네요..ㅠㅠ 추운 겨울에 빡빡 밀어버려서 냐옹님한테는 너무 미안하지만 털 안빠지니까 삶에 달라져요...ㅎㅎ\n\n두 마리 다 아픈 이빨을 뽑고 나니 구취가 사라졌어요ㅎㅎ\n\n말주변이 없어서 글로는 감사한 마음을 다 담아내지 못하겠네요ㅠㅠ\n정말 감사합니다 ! 새해복 많이 받으세요!!\n방', '\n2년동안 고생한 우리 장군이 전발치했어요~\n길에서 1년넘게 있던 아이를 구조해서 2년넘게 기르고 있는데 \n구조한지 얼마안되서부터 구내염이 있다는걸 알게됐어요\n수술을 권하는 병원도 있고, 약으로 하는게 낫다는 수의사샘들...\n그리고, 수술을 해도 재발가능성이 높다고...\n그러다 6개월가량 스테로이드 약을 처방받아 먹였지만, 그때 뿐이었어요\n스테로이드가 좋은 약임은 분명하지만, 과용하면 좋지 않을것같아서\n약을 끊고  영양제를 그동안 먹였지만, 점점 쇠약해지는게 눈에 보였어요\n \n그러다  이 사이트를 우연찮게 알게되서 전발치 상담을 하게됐는데 \n뭔가 다른 수의사분들과는 확연히 달랐다고 할까요 \n너무나 믿음이 간 저로써는 바로 결제하고 다음날 예약하여 방문했어요 \n상담시에도 아이상태 너무나 꼼꼼이 설명해주시고,  수술후 매일 매일 \n아이 상태 동영상으로 받아보고 퇴원하라고 연락와서 그때서야 갔답니다\n대부분 수술하고 중간중간 아이상태 보려고 찾아가잖나요 \n전 너무 믿음이 가서 그럴 필요가 없다는 생각이 들었어요  ㅎㅎㅎ\n\n여튼 울 장군이 수술이 잘 되었고 퇴원을 했는데  당일 저녁  정말 상상도 못할 일이 벌어졌답니다!!!\n장군이가  캔 간식을 주니 아구아구 먹는모습에 놀라지  않을 수 없었어요 \n오목한 그릇에 주면 먹다가 소리를 지르고 늘 도망가는아이였거든요 \n그런데 누가 뺏어먹을까싶어 숨도 안쉬고 먹더라구요 ㅎㅎㅎ\n정말 너무 감동스럽고 그동안 일찍 못해준게 미안해서 눈물이 나왔어요 \n\n지금 수술한지 1주일이 됐어요 \n너무 명랑하구요  그동안 아파서 만지려고하면 입냄새 풍기며 하악했거든요 \n이젠 입냄새 안나구요 ㅎㅎ 하악도 안하고 만져주면 그르렁대며 눈감아요 ^^\n정말 너무 행복해요 \n저희집에 구내염 올블랙 아가 한마리가 있는데  이번달말쯤 수술해줄 예정이에요 \n다른데서는 150~200 만원 부르던 가격인데 입원포함해서 75만원이면 정말 \n수의사님 봉사하시는거랑 다를바 없는것같아요 \n\n그리고, 우리애들 다하고 난다음엔 길 아가들 심한 아이부터 구내염 전발치 해주려고\n열심히 일하고 있는중...입니다^^  남편이 알면 안되는데 ㅎㅎㅎ\n\n암튼 정말 강추입니다  \n조만간  저희 장군이  발치 전후 동영상 및 사진 정리해서 블로그나 고양이 관련 카페에  올리면 꼭 봐주세요~\n박', '\n고양이 전발치\n집고양이가 끈적한 침도 많이흘리고 냄새도 많이나서\n전발치알아보다가 이사이트 알게되서 지방에서 3시간 차타고가서 수술햇네요 ~ 수술전에 밥도 못먹는건아닌지 걱정햇었는데\n수술 잘마치고 밥도잘먹고 잘노네요ㅎㅎ 입에서 냄새도 사라졌어요\n병원에서 영상도 매일보내주고 신경많이 써주셔서 좋았네요ㅎㅎ']",3,5
22,22,모범동물병원,반려견·반려묘 스케일링,teeth,"['\n입냄새 안 나요 신기..ㅋㅋ\n강아지 입냄새가 좀 심한 편이었습니다.. 사실 커뮤니티 이런 것도 잘 안 해서 검색으로만 찾다가 마이펫플러스 발견했어요..! 가까운 동물병원 있길래 바로 구매해서 예약했고요 바로 스케일링 했습니당 저희 강아지도 개운해하는것 같고 무엇보다 뽀뽀할때 입냄새가 안 나는 게 너무 좋네요 ㅎㅎ \n막', '\n잘했어요.\n막둥이 몸무게가 좀 나가서 스케일링 구매하고 추가로 몸무게6~10kg 구매했는데 가격대비 나쁘지 않았어요~ 스케일링 상품에 기초검사랑 혈액검사도 포함되니까 아이 상태 확인할 수 있어서 좋았어요']",2,4.3
23,23,닥터펫동물의료센터,반려견·반려묘 스케일링,teeth,"['\n이제 입냄새가 안 나네요\n열심히 이 닦아 줘도 입냄새가 너무 나서 스케일링 예약해서 다녀왔습니다!\n누렁니도 이제 하얗게 변했어요 원장님이랑 간호사분들도 굉장히 친절해서 기분 좋게 다녀왔습니다!\n사실 너무 저렴한 금액이라 걱정했는데 딱히 걱정하지 않으셔도 될 것 같아요!\n지금 옆에서 간식 잘 뜯어먹고 있네요 ㅋㅋ 감사합니다~\n이', '\n고양이가 삐지긴 했지만 좋아요!!\n길냥이를 구조해서 집에서 기르고있는데, 플라그가 잔뜩 껴있어서 그런지 잇몸이 빨갛게 부었었어요 ㅠㅠ\n그래서 스케일링을 받았는데 이가 아주 하얘졌어요!! ㅎㅎ\n원장님, 간호사선생님 모두 친절하시고, 바로 앞에 버스정류장도 있고 선정릉역 2출에서 가까워서 차없는 학생인 저에겐 좋았어요 ㅎㅎ\n잇몸에 염증때문에 피가 났는데, 소염제랑 항생제 따로 처방받아왔습니다^0^\n아프지 말자냥~\n이', '\n스케일링 받았어요~\n딱히 뭐 치아에 이상이 있거나 그런건 아닌데 이제 노령견이니까 관리 좀 해줘야 할거 같아서 원래 다니던 곳 알아봤는데\n생각보다 가격이 비싸서 더 저렴하고 괜찮은 곳 없나 찾다가 마이펫플러스를 알게 됐네요. 저렴한 가격에 검사 혈액검사 마취 불소도포 폴리싱까지 다 되니 좋네요.\n김', '\n9살 남아 샴고양이 스케일링\n9살샴고양이 남자아인데    입에서 냄새나고 충치같은게보여서  걱정하다가  이병원으로선택했었어\n나이가적지않아서  프리미엄으로  수액추가를해서 맞췄구요 \n걱정마니햇었는데   하루입원하구 집에데려오자마자  간식도잘먹고 사료도잘먹고    스트레스않받게잘돌봐주신것같아요 \n고양이가 스트레스를잘받는아이들이라서  무척신경이쓰엿는데  \n병원에계신 분들이 고양이를 너무도 잘다뤄주세요 ^^\n만족해요  ~ ']",4,none
24,24,나루동물병원,반려견·반려묘 스케일링,teeth,"[' 2019-04-04\n괜찮네요\n푸들 키우는데 너무 입냄새가 심해서 어찌해야 할까 하다가 페북에서 마펫이 제일 저렴하길래 구매하고 인증번호받고 예약잡아서 스케일링 받았네요~지금은 피곤했는지 계속 자네요ㅋㅋㅋㅋ암튼 저는 좋았어요! 다음에도 이용하려구요   \n김', ' 2018-03-16\n깨끗함에 만족이..\n입냄새 사라지고 아이 이도 반짝거릴 정도로 말끔하게 깨끗해졌네여. 정말 꼼꼼하게 해주셔서 감사드려요.\n친절한 병원을 알게되서 더욱 좋았습니다.']",2,5
25,25,노아동물병원,반려견·반려묘 스케일링,teeth,"['\n후기\n유기견이였던 친구를 입양한터라, 확실히 치아 관리가 많이 안 되어있었습니다. 그래서 스케일링 알아보다가 마펫 통해서 구매해서 이용했네요. 선생님이 친절하시고 경험도 많으시더라구요. 치아 깨끗해져서 좋구, 이 친구도 뭔가 스케일링 전보다 먹는거나 그런게 편안해보이네요.\n김', '\n6살 좀 넘은 고양이 스케일링한 후기~~\n9만원짜리 결제하고 갔고 수액이랑 항상제 주사비가 72000원 추가 결제됨.(우리집 냥이가 신장 수치가 좀 높게 나와서 수액을 맞아야 했고, 내복약 복용이 불가능해서 주사로 대체하느라 추가 가격이 많이 나옴.) 추가금액이 결제돼서 총 162000원이 들었는데 그래도 다른 동물병원보다 싸게 치료함. 스케일링 하기 전에 수술 동의서를 써야하는데 거기 내용에 수술 중 어떤 일이 일어나도 책임을 묻지 않는다고 써있어서 싸인하는데 심장이 벌벌 떨림.... 마취하는 수술은 역시 위험한듯ㅜ 어쨌든 스케일링 깔끔하게 잘 해주셨고 냥이도 제 컨디션 되찾은 상태임!  여기 방문하시는 분들도 냥이 상태에 따라 추가 금액 나올지도 모르니까 여분의 돈을 준비하고 가셈. 역시 동물 키울 때 중요한건 돈이 제일 중요.... 여튼 노아 동물병원 원장님이랑 수의테크니션 분들도 친절하셨고 다른 분들도 많이많이 이용해서 마이펫플러스 번창했으면 좋겠음ㅎㅎ']",2,5
26,26,하니동물병원,반려견 스케일링,teeth,"[' 2020-04-19\n♡모든면에서 만족♡\n저희아가는 6살 6kg 이라서 16만원 선결제했고\n평소 스팸을즐겨먹여서인지 치아상태 OMG\n발치6개, 항생제, 심장사상충검사 추가해서 9만원나왔고\n총25만원 이였습니다\n(아가맡기고 회복끝나니깐 4시간소요됨)\n가격도 만족이였지만\n원장님 진짜진짜 엔젤이시고, 설명을 굉장히 잘해주세요\n처음부터 끝까지 신뢰가 가득인 상담 및 시술...\n재방문 할거에요\n♡모든면에서 만족합니다♡\n고민하지마세요 여러분\n박', ' 2020-01-11\n너무너무잘해주시네요^^\n솔직히 큰기대안하고갔습니다!\n근데의사선생님께서너무너무친절하게\n설명도해주시고스켈링전에워낙노령견이라\n혈액검사하고~~결과는좋다고하시더군요^^\n울강쥐가겁이많은선생님께서달래가면서\n하시더라구요!맘이놓였습니다!\n맡기고3~4시간후에데릴러와도된다고하셨서\n갔는데울강쥐치아가너무깨끗하고냄새도안나고좋더라구요!문제점도꼼꼼히짚어주시고주사.약도지어주시구요!향후관리방법도알려주시고했어요!주사비.약값은별도지급했어요!\n다른데보다저렴한것같구요!\n계속이용할생각입니다^^\n박', ' 2020-01-11\n너무너무잘해주시네요^^\n솔직히 큰기대안하고갔습니다!\n근데의사선생님께서너무너무친절하게\n설명도해주시고스켈링전에워낙노령견이라\n혈액검사하고~~결과는좋다고하시더군요^^\n울강쥐가겁이많은선생님께서달래가면서\n하시더라구요!맘이놓였습니다!\n맡기고3~4시간후에데릴러와도된다고하셨서\n갔는데울강쥐치아가너무깨끗하고냄새도안나고좋더라구요!문제점도꼼꼼히짚어주시고주사.약도지어주시구요!향후관리방법도알려주시고했어요!주사비.약값은별도지급했어요!\n다른데보다저렴한것같구요!\n계속이용할생각입니다^^\n장', ' 2019-10-09\n스케일링 잘하고왔어요\n치석이 많이 심하고 입냄새도 많이 심해서 이곳저곳 알아보다가 마이펫플러스를 알게되었고,같은지역에 평도좋아 선택하게 되었어요10년넘게 살면서 특별히  어디하나 안아팠던 아이였어서 시술정도겠지  생각했는데  울애기는 노견에다가 강아지들  마취가 호흡마취라고 하여도 못깨어날 확률도있다고  ㅜㅜ 그건  사람도 마찬가지라  감수하고 해야했어요. 추가접종을언제했는지 몰라서  일단 추가접종 2주후 오늘! 스케일링일정을잡아 하게되었어요.  첫아이이고  병원에서  마취하고 뭘해본적이없어서  많이 겁나더라구요.오전10시30분에 서약서에 서명하고 원장쌤께  울애기 맡기고  집으로와서  기다리길 2시간 ..3시간..ㅜㅜ 시간이 너무길었어요. 따릉따릉  2시10분까지 데리러 오라는 전화! 잘하고 잘깨어났나보다! 우리가족들이  함께 아이를데릴러갔어요 ! 잘해낸 내딸 앞으로 더더 예뻐하고 잘해줘야겠어요. 집에 와서 마취기가 조금 있는지 어지러워 하는거같았어요 . 한숨자고일어나더니  발랄해졌어요 .저녁에  지어주신  약섞여 통조림과 사료 먹이니  어제밤 부터 금식을했던지라  정말잘먹는거예요 ~ 하니동물병원  뒷편에주차장도 잘되있고  , 원장선생님도 친절히 잘해주시고  비용도 여기서 결제한 금액이랑  발치6개 약값 해서 7만원정도 추가로 나왔어요 .  이빨도 엄청 하얗게 되고 깨끗해졌어요.\n김', "" 2019-07-19\n아가 입냄새가 사라졌어요\n아이 입냄새가 사라져서 너무좋네요\n추가금 없이 딱 구매해간 금액만 들었어요\n평소에 개껌도 자주 주고, 양치도 자주 시켜서 치석이 많을지 몰랐는데\n사람처럼 1년에 한 번씩 시켜줘야할까봐요 ㅎㅎ\n마이펫플러스 2019-07-22 14:37\n안녕하세요.\n합리적인 동물병원비용의 기준으로 유기견 유기묘 예방의 기초를 만들어가는 마이펫플러스입니다.\n\n★ 마이펫플러스 후기 이벤트 참가 방법 ★\n1. SNS, 블로그, 카페, 커뮤니티 등에 이용한 업체에 대한 솔직 후기 작성!\n2. 마이펫플러스 로그인 > 이용한 상품 구매평 > 간단한 후기 + 해당 URL 남기기!\n3. 익월 15일 이후. 당첨자 공지글에서 내 이름 확인하기! (100% 당첨)\n- 주의사항 : SNS등에 후기글 남길 때, '마이펫플러스'를 통한 구매임을 꼭 밝힐 것!\n\n저희 마이펫플러스는 동물병원 비용이 부담스러워 제때 치료받지 못하고 방치되거나 유기되는 동물의 숫자를 줄여보자는 취지로 운영되고 있습니다.\n그러나 대다수의 동물병원들(특히 지방 쪽)이 진료비 공개를 꺼리고,\n또 할인된 비용으로 공개하기도 싫어하여 마이펫플러스에 입점 자체를 거부하고 있습니다.\n마이펫플러스가 더욱 힘내서 열심히 할 수 있도록 보호자분들의 응원의 힘을 보태주세요!!\n\n"", ' 마이펫플러스의 역할\n1. 바가지 요금 걱정 NO! 동물병원 별 합리적이고 저렴한 가격 비교 가능!\n2. 연륜과 경험이 풍부한 원장님들의 입점! 가격은 낮게, 의료퀄리티는 높게!\n3. 투명한 수술 프로세스 사전 확인 가능!\n\n<서울시 수의사협회, 마이펫플러스 제휴병원에 탈퇴 협박공문 관련 기사>\nhttp://imnews.imbc.com/replay/2019/nwdesk/article/5139042_24634.html\n\n저희 마이펫플러스를 위한 보호자분들의 응원이 필요합니다 :)\nNO.1 반려동물전문소셜 마이펫플러스가 1000만 반려인과 반려동물의 권리를 지켜갑니다.\nwww.mypetplus.co.kr\n이', ' 2019-05-26\n너무 감사합니다!\n원장님 친절하시고 상담도 너무 잘 해주셨어요.\n감사합니다!\n김', ' 2018-09-14\n입냄새 심했는데 좋네요\n입냄새 안 나니 뽀뽀할때 좋네요 ㅋㅋㅋㅋ 가격도 저렴하고 원장선생님 너무 친절하십니다! 감사해요.\n이', ' 2018-07-25\n포메 입냄새가 너무 심해서 하고왔어요\n저희 포메가 껌먹고 양치하면서 자연적으로 치석이 떨어지긴했지만 자잘한거나 너무 딱딱한것들은 못했는데 저렴하게 잘했어요\n저는 추가비용없이 딱 저 가격에 했네요^^ 추천합니다\n신', ' 2018-07-20\n친절해요~\n울 강지 치석 너무 많은데 비싸서 좀 해주지 못하고있었어요\n동네 병원보다 저렴에서 후딱 해주고 왔숩니다\n만족해유\n이', ' 2018-04-17\n좋은 병원이 있었네요!\n동네는 워낙 다니는 곳만 다니다보니\n동물병원 옮겨다니고 싶어도 마땅한 곳이 없어 보여서\n고민하다가 하니동물병원 갔어요\n건물도 깔끔하고 동물병원내부도 깨끗해서 만족하구요\n의사쌤도 좋았어요 스케일링도 깔끔하게 잘 되서 입냄새가 없어졌어요 \n임', ' 2018-01-04\n같이했어요\n오늘 아침에 저두 치과에서,아이는 오후에 병원에서..\n기분이 참 좋아요']",12,5
27,27,서교동물병원,반려견·반려묘 스케일링,teeth,['\n엄청 깔끔해졌어요\n3살 좀 넘었는데 어느날 검정색 치석도 보이고 치석이 심한것 같아 알아보고 치석제거 하러 갔습니다.\n나이가 어려 혈액검사는 포함하지않았어요! 그래도 했다면 더 좋겠죠! 저는 그대신에 폴리싱과 동물등록을 했답니다.\n가서 몸무게 재고 마취 후 치석제거에 들어갔습니다.\n수술이 아니라 간단한 시술이라 밖에서 해 주셔서 보호자도 함께 볼수 있었어요. 오히려 보이니까 더 안심되더라구요.\n마취를 하고 힘 없이 축 늘어져 있는게 안쓰러워 보이긴 했지만요.\n15-20분? 만에 금방 끝내고 마취가 끝나길 좀 기다렸다가 갔습니다.\n아 그리고 부담되지 않는다면 폴리싱 꼭하세요! 치석제거만 하면 치아 표면에 조금의 기스? 는 나기때문에 치석이 쉽게 쌓일 수 있는데 폴리싱을 해서 매끈매끈 하게 해주는 거에요.\n치석 제거하러 갔는데 단골 될거같습니다.'],1,4.8
28,28,카카오N동물병원,반려견·반려묘 스케일링,teeth,"[' 2020-02-26\n노령견 스켈링\n11살이라 좀 걱정됐는데  선생님이 넘 친절하게 설명도 잘 해주시고  간호사분도  친절 하셔서 안심이 되더라구요...스켈링도  깔끔하게 해주시고 우리 강쥐도 별 문제없이 깨어나서 아주 좋았어요...지저분했던 이빨이  깨끗해  지고 입냄새도 없어져서  정말 하기를 잘했다는  생각이 듭니다..\n신', ' 2020-02-17\n안녕하세요\n리뷰 쓰는건지 몰랐네용 \n이용한지는 오래됬지만 강아지 영구치발치와 스케일링을받았는데요 선생님이 꼼꼼하시구 제가 알아듣기 쉽게 설명해주셨어요\n스케일링도 깨끗해져서 너무깔끔하고\n그이후로 관리열심히해줘서 유지잘하고있답니다\n강아지도 4마리라 비용이 만만치않게 들었는데\n이 어플을 알게되고 좋은 선생님을 만난거 같아 좋아요!\n선생님 너무 감사드려요!??\n차례차례 아이들 스케일링한번하러 가겠습니당!\n 김', ' 2019-08-31\n푸양 스케일링\n이런   사이트가 있는지  몰랐는데..완전 대박!\n타병원에서 스케일링 금액을 물어봤을 때 50~60 만원에 폴링싱 서비스로 들어간다고 했는데 ..여긴사실 너무 저렴해서 살짝  의심도 했는데 절대 아니더라고요.간호사샘은  얼굴도 이쁘고 친절하고 설명도 잘해주시고  수액도 더   해주시고   울푸양  입냄새도 없이 깨끗하게 잘하고 왔습니다.완전 강추\n장', ' 2019-02-28\n노령견 스케일링 후기\n지인강아지가 발치하다 잘못되서 걱정이 많이 됐는데 상담도 친절하게 해주셨어요.\n\n집에서 미용하다 만 발가락부위 미용도 그냥 해주시고 ㅎㅎ \n\n따로 상담드리고싶은게 있어서 전화드렸더니 전화상담인데도 친절하셨어용 \n\n가까우면 계속다닐텐데 아쉽네요 ㅎㅎ 감사합니다.!\n심', ' 2018-07-13\n친절 양심\n오늘 우리 강아지 생애 처음으로 스케일링 받았어요. 이빨이 좋지 않아 추가발치 및 결제를 해야했지만 진정성 있게 얘기하시고 발치할때 직접 동영상을 찍은것을 보여줘서 믿음이 갔습니다. 마취후 힘들줄알았지만 그래도 저녁에 많이 회복해주었어요~ \n장', ' 2017-11-20\n스켈링받으러 직접해본결과 굿!\n10살,노령견이라서 피검사,및. 엑스레이 포함13만원에\n했는데 무지 깔끔하게 잘해줬네요 처음에는 못하는병원인줄.\n알고 걱정했는데, 또한 원장선생님이 무지양심적입니다.\n믿고맡겨도 될병원이라는것을 다시한번봤습니다.\n심', ' 2017-11-09\n스케일링 후기\n첫째 애가 양치질 하는걸 너무 싫어해서\n대충 닦았더니 전발치 하고 해서\n둘째부터는 열심히 관리해주려고 했는데\n가까운데서 저렴하게 마이펫플러스를 통해서 동물병원을 가니 좋네요\n정', ' 2019-11-29\n전반적으로 만족\n아이 다리털을 하나도 밀지 않고 다리털에 직접 테이프 크게 엄청 꽉 조여서 둘러매 주셨더라고요. 거즈는 아주 조그맸고요.   피가 잔뜩 난 다리에 안 그래도 많이 예민해져 있는데 가위로 살 자르고 털 자르고  경악 속에 정말 겨우 뗐답니다.  애 왁싱하러 간 건지 아냐고  누가 이런 식으로 테이프 붙여놨냐고 당장 따지고 싶었지만... 이가 살짝 노란 부분이 남은 것 같긴 한데 전반적으로 만족해요. 간호사 분도 친절하세요. ']",8,4.8
29,29,고덕24시동물병원,반려견·반려묘 스케일링,teeth,"[' 2020-01-16\n중성화와 동시에\n피하잠복고환이고 유치발치도 했어요.\n워낙 뿌리가 깊어 뽑은 자리 꼬매주셨는데 푸는게 아니라 자연히 없어지는 실밥이라 좋았어요~\n\n고덕24시 앞으로 우리아이 평생지정병원 낙점했어요^^\n류', ' 2020-01-16\n중성화와 동시에\n중성화 하는 길에 송곳니 제거했어요~\n얼마나 뿌리가 깊은지.. 사진 보여주시는데 깜놀했네요.\n\n원장님 친절하시고 24시라 안심이 되어요^^\n이', ' 2018-01-03\n깨끗해졌어요\n정말 깨끗해졌어요. 호흡마취라 안심되고요.']",3,5
30,30,도그플러스 강서점,반려견·반려묘 스케일링,teeth,"['\n강쥐 스케일링이랑 항문낭 수술 같이 해줬어요\n지금은 안산에 살고있고..2년전까지는 서울 마포구에 살았는데 \n지금이나 예전이나 근처 동물병원은 다 가본것같아요\n하지만, 지금껏 만족한 병원이 단 한곳도 없었어요 \n아픈아이 데리고 가면 돈으로만 보는 수의사..\n저보다 더 고양이관련 지식이 없던...수의사..\n정확한 병명 진단조차 믿음이 가지 않던 곳들이 수두룩 했어요..\n근데 이 병원 원장쌤은 정말 다른 수의사분과 너무 다르세요 \n지식도 엄청 풍부하시고 실력도 최고이시고 정말 자상하시고\n심지어 동물을 진심으로사랑하세요~ \n이런분은 지금이라도 알게된것에 너무나 감사할따름이에요^^\n\n그리고, 마이펫 플러스 아니었음 영영 몰랐을 병원\n또, 너무 저렴한 가격으로  수술 받을수 있게 해주셔서 \n마이펫 플러스 대표님께 정말 진심으로 감사해요~\n\n2주전쯤엔 고양이두마리 중성화로 \n이번엔 강쥐 스케일링과 항문낭수술 \n그리고, 구내염 고양이  전발치 수술로  일요일에 남편과 함께 갔는데 \n자상하고 상세한 설명과 실력과 지식에 또 감동하고 왔어요~\n돌아오는 길에 남편도 엄지척 했을정도에요~ ㅎㅎ\n\n9마리 고양이와 1마리 강쥐 키우고 있는데요 \n동물병원다녀와서 맘편한거 처음이에요 \n구내염 고양이도 입원시키고 왔는데 하나도 걱정 안될정도에요 ㅎㅎㅎ\n앞으로도 쭉~ 이용할 생각입니다^^ \n이', '\n스켈링.중성화.슬개골 3가지 한번에 수술햇어요.\n치아가 너무나 깨깟해여~~\n마취를 자주하는건 사람이나 강아지나 안좋은건 너무 당연한거라..\n마펫대표님과 병원추천받으며 상담한결과\n도그플러스 강서점 추천하시면서 원장님의 수술이력을 말씀해주시는데 믿음이 갓습니다. 경력도 물론 기셧구요.\n3가지 수술을 최소한의 시간으로 만족할 결과 얻을수 잇다고 \n하시길래 찾아가게 되엇어요. \n상담받으며 느낀게 원장님 간호사샘 모두\n동물을 좋아하시고 입원해잇는 아이들 하나하나\n관심과 애정을 가지고 일하시는구나를 알게되니 \n믿고 맏길수 있겟더라구요. 치아도 너무 깨끗하게 스켈링됫구요!\n슬개골은 6개월가량 지나봐야 완전히 알수잇지만\n퇴원하루차에도 너무 잘먹고 쉬도 잘하고 아장아장 잘걷는거\n보니 만족을 안할수가 없네요~ 너무 깨방정해서 탈이지만요 ㅎㅎ\n일주일동안 저희아가 잘 돌봐주셔서 너무 감사드려요~']",2,4.8
31,31,우리들동물종합병원,반려견·반려묘 스케일링,teeth,['\n스케일링 하고왔습니다\n치아관리를 너무 못해줘서 스케일링하고왔습니다 후기 보시면 아시겠지만 선생님이 친절하신 편은 아니에요 ㅋㅋㅋㅋ 피검사하시고 설명도 없으시고 해도된다고 하고 바로 마취들어갔습니다 근데 확실히 경력이 오래되신것처럼 자신감이 있으시고 믿음직스러우신 분이었어요  쓸데없는 설명은 안하시고 30분만에 뚝딱 끝내셨습니다 ㅋㅋㅋ 썩은이가 많아서 7개 정도 발치했는데 추가비용없이 다 해주셨어요 ㅠㅠ 마취에서 깨고나서 발톱도 깎아주셨고 강아지가 나이가 많은데 피도 깨끗하고 건강하다며 ㅜ 혈액검사한 결과도 주셨는데 주시면서도 그냥 정상이에요 이러심 ㅋㅋㅋ 고민하시지마시고 하세요 ! 믿음직스러운선생님 이십니다 '],1,4.9
